Pregunta_ID,Modulo,Tema,Nivel,Tipo_Relacion,Pregunta,Respuesta_1,Respuesta_2,Respuesta_3,Respuesta_4,Respuesta_Correcta,Estado,Fuente_ID,Evaluacion_ID,Estado_Validacion,Estado_Uso
PAT_00082,Patologias,,Nivel 1,Descripcion_Patologia,Una persona presenta la siguiente descripción: Pérdida de densidad o volumen del cabello; puede ser temporal o progresiva según la causa. ¿A cuál de las siguientes patologías corresponde?,Apoyo a la salud reproductiva femenina y planificación del embarazo,Perimenopausia / Menopausia,Caída de cabello (Alopecia),"Dolor muscular, contracturas y molestias musculoesqueléticas localizadas",3,,,PATOLOGIAS_DESCRIPCION_PATOLOGIA_NIVEL_1_0001,APROBADA,USADA
PAT_00087,Patologias,,Nivel 1,Descripcion_Patologia,"Una persona presenta la siguiente descripción: Alteraciones de la próstata que pueden afectar la micción, producir inflamación o molestias y, en algunos casos, asociarse con cambios en la función sexual. ¿A cuál de las siguientes patologías corresponde?",Artrosis (desgaste articular / osteoartritis),Fibromialgia,Espolón calcáneo / dolor de talón (fascitis plantar asociada),Salud prostática / Molestias prostáticas,4,,,PATOLOGIAS_DESCRIPCION_PATOLOGIA_NIVEL_1_0001,APROBADA,USADA
PAT_00089,Patologias,,Nivel 1,Descripcion_Patologia,"Una persona presenta la siguiente descripción: Dificultad persistente para lograr o mantener una erección suficiente para una relación sexual satisfactoria. Puede estar relacionada con factores físicos, hormonales, circulatorios, prostáticos o emocionales. ¿A cuál de las siguientes patologías corresponde?",Espolón calcáneo / dolor de talón (fascitis plantar asociada),Disfunción sexual masculina / Dificultad para la erección,Vitalidad masculina y apoyo hormonal (Hipogonadismo / Deficiencia de testosterona*),Perimenopausia / Menopausia,2,,,PATOLOGIAS_DESCRIPCION_PATOLOGIA_NIVEL_1_0001,APROBADA,USADA
PAT_00094,Patologias,,Nivel 1,Descripcion_Patologia,"Una persona presenta la siguiente descripción: Disminución de la energía, la fuerza, el deseo sexual o el rendimiento físico que puede estar relacionada con la edad, el estilo de vida, deficiencias nutricionales o alteraciones hormonales. ¿A cuál de las siguientes patologías corresponde?",Vitalidad masculina y apoyo hormonal (Hipogonadismo / Deficiencia de testosterona*),Perimenopausia / Menopausia,Espolón calcáneo / dolor de talón (fascitis plantar asociada),Caída de cabello (Alopecia),1,,,PATOLOGIAS_DESCRIPCION_PATOLOGIA_NIVEL_1_0001,AÚN NO SE UTILIZA,DISPONIBLE
PAT_00100,Patologias,,Nivel 1,Descripcion_Patologia,Una persona presenta la siguiente descripción: Alteración del metabolismo de la glucosa que ocasiona niveles elevados de azúcar en sangre o dificultad para mantenerlos dentro de rangos normales. ¿A cuál de las siguientes patologías corresponde?,Varicocele (Apoyo a la salud vascular y reproductiva masculina),"Dolor muscular, contracturas y molestias musculoesqueléticas localizadas",Artrosis (desgaste articular / osteoartritis),Control glucémico (Diabetes mellitus tipo 2 / Prediabetes),4,,,PATOLOGIAS_DESCRIPCION_PATOLOGIA_NIVEL_1_0001,APROBADA,USADA
PAT_00101,Patologias,,Nivel 1,Descripcion_Patologia,"Una persona presenta la siguiente descripción: Etapa de transición hormonal caracterizada por la disminución progresiva de estrógenos, que puede afectar la salud física, emocional, metabólica, ósea, urinaria y sexual de la mujer. ¿A cuál de las siguientes patologías corresponde?",Perimenopausia / Menopausia,Fibromialgia,Disfunción sexual masculina / Dificultad para la erección,Espolón calcáneo / dolor de talón (fascitis plantar asociada),1,,,PATOLOGIAS_DESCRIPCION_PATOLOGIA_NIVEL_1_0001,APROBADA,USADA
PAT_00107,Patologias,,Nivel 1,Descripcion_Patologia,"Una persona presenta la siguiente descripción: Dificultad para conciliar el sueño, permanecer dormido o lograr un descanso reparador, afectando el bienestar físico, mental y emocional. ¿A cuál de las siguientes patologías corresponde?",Osteoporosis,"Dolor muscular, contracturas y molestias musculoesqueléticas localizadas",Salud prostática / Molestias prostáticas,Insomnio,4,,,PATOLOGIAS_DESCRIPCION_PATOLOGIA_NIVEL_1_0001,APROBADA,USADA
PAT_00109,Patologias,,Nivel 1,Descripcion_Patologia,"Una persona presenta la siguiente descripción: Dilatación anormal de las venas del cordón espermático, generalmente en el lado izquierdo, que puede afectar la circulación testicular y, en algunos casos, la fertilidad, la producción de testosterona o generar molestias locales. ¿A cuál de las siguientes patologías corresponde?",Varicocele (Apoyo a la salud vascular y reproductiva masculina),Osteoporosis,Perimenopausia / Menopausia,Artrosis (desgaste articular / osteoartritis),1,,,PATOLOGIAS_DESCRIPCION_PATOLOGIA_NIVEL_1_0001,APROBADA,USADA
PAT_00115,Patologias,,Nivel 1,Descripcion_Patologia,"Una persona presenta la siguiente descripción: Disminución del deseo sexual o alteraciones del bienestar íntimo que pueden afectar la satisfacción durante las relaciones sexuales. Puede estar relacionada con factores hormonales, emocionales, circulatorios, metabólicos o alteraciones de la flora vaginal. ¿A cuál de las siguientes patologías corresponde?",Bienestar íntimo femenino y función sexual,Control glucémico (Diabetes mellitus tipo 2 / Prediabetes),Perimenopausia / Menopausia,Caída de cabello (Alopecia),1,,,PATOLOGIAS_DESCRIPCION_PATOLOGIA_NIVEL_1_0001,APROBADA,USADA
PAT_00120,Patologias,,Nivel 1,Descripcion_Patologia,"Una persona presenta la siguiente descripción: Condición en la que uno o varios factores nutricionales, hormonales, metabólicos, emocionales o de estilo de vida pueden disminuir las condiciones óptimas para la concepción. El sistema brinda apoyo nutricional y bienestar reproductivo como complemento y no reemplaza la valoración médica especializada. ¿A cuál de las siguientes patologías corresponde?",Control glucémico (Diabetes mellitus tipo 2 / Prediabetes),Apoyo a la salud reproductiva femenina y planificación del embarazo,Insomnio,Bienestar íntimo femenino y función sexual,2,,,PATOLOGIAS_DESCRIPCION_PATOLOGIA_NIVEL_1_0001,APROBADA,USADA
PAT_00001,Patologias,Caída de cabello (Alopecia),Nivel 2,Sintoma_Causa_Patologia,Seleccione las DOS afirmaciones que se relacionan correctamente con Caída de cabello (Alopecia).,Puede estar asociada principalmente a Espolón calcáneo / dolor de talón (fascitis plantar asociada),Puede estar asociada a Androgenética (DHT),Se relaciona principalmente con Insomnio,Se relaciona con Disminución de densidad,"2,4",APROBADA,P001,,,
PAT_00002,Patologias,Salud prostática / Molestias prostáticas,Nivel 2,Sintoma_Causa_Patologia,Seleccione las DOS afirmaciones que se relacionan correctamente con Salud prostática / Molestias prostáticas.,Se relaciona con Chorro débil,"Puede estar asociada principalmente a Dolor muscular, contracturas y molestias musculoesqueléticas localizadas",Puede estar asociada a Hiperplasia prostática benigna,Se relaciona principalmente con Quistes ováricos funcionales,"1,3",APROBADA,P002,,,
PAT_00003,Patologias,Disfunción sexual masculina / Dificultad para la erección,Nivel 2,Sintoma_Causa_Patologia,Seleccione las DOS afirmaciones que se relacionan correctamente con Disfunción sexual masculina / Dificultad para la erección.,Puede estar asociada a Estrés o ansiedad,Se relaciona principalmente con Perimenopausia / Menopausia,Puede estar asociada principalmente a Endometriosis,Se relaciona con Disminución de la libido,"1,4",APROBADA,P003,,,
PAT_00004,Patologias,Vitalidad masculina y apoyo hormonal (Hipogonadismo / Deficiencia de testosterona*),Nivel 2,Sintoma_Causa_Patologia,Seleccione las DOS afirmaciones que se relacionan correctamente con Vitalidad masculina y apoyo hormonal (Hipogonadismo / Deficiencia de testosterona*).,Puede estar asociada principalmente a Ciática / Lumbalgia,Se relaciona con Disminución de la libido,Puede estar asociada a Envejecimiento,Se relaciona principalmente con Insomnio,"2,3",APROBADA,P004,,,
PAT_00005,Patologias,Control glucémico (Diabetes mellitus tipo 2 / Prediabetes),Nivel 2,Sintoma_Causa_Patologia,Seleccione las DOS afirmaciones que se relacionan correctamente con Control glucémico (Diabetes mellitus tipo 2 / Prediabetes).,Se relaciona con Diagnóstico de diabetes o prediabetes,Puede estar asociada a Resistencia a la insulina,Puede estar asociada principalmente a Artritis inflamatoria,Se relaciona principalmente con Quistes ováricos funcionales,"1,2",APROBADA,P005,,,
PAT_00006,Patologias,Perimenopausia / Menopausia,Nivel 2,Sintoma_Causa_Patologia,Seleccione las DOS afirmaciones que se relacionan correctamente con Perimenopausia / Menopausia.,Se relaciona con Alteraciones menstruales,Puede estar asociada a Disminución fisiológica de estrógenos y progesterona,Puede estar asociada principalmente a Espolón calcáneo / dolor de talón (fascitis plantar asociada),Se relaciona principalmente con Insomnio,"1,2",APROBADA,P006,,,
PAT_00007,Patologias,Insomnio,Nivel 2,Sintoma_Causa_Patologia,Seleccione las DOS afirmaciones que se relacionan correctamente con Insomnio.,Se relaciona principalmente con Ciática / Lumbalgia,Puede estar asociada a Estrés,Se relaciona con Dificultad para conciliar el sueño,Puede estar asociada principalmente a Osteoporosis,"2,3",APROBADA,P007,,,
PAT_00008,Patologias,Varicocele (Apoyo a la salud vascular y reproductiva masculina),Nivel 2,Sintoma_Causa_Patologia,Seleccione las DOS afirmaciones que se relacionan correctamente con Varicocele (Apoyo a la salud vascular y reproductiva masculina).,Puede estar asociada principalmente a Disfunción sexual masculina / Dificultad para la erección,Puede estar asociada a Insuficiencia de las válvulas venosas del cordón espermático,Se relaciona con Diagnóstico médico de varicocele,Se relaciona principalmente con Perimenopausia / Menopausia,"2,3",APROBADA,P008,,,
PAT_00009,Patologias,Bienestar íntimo femenino y función sexual,Nivel 2,Sintoma_Causa_Patologia,Seleccione las DOS afirmaciones que se relacionan correctamente con Bienestar íntimo femenino y función sexual.,Puede estar asociada a Disminución de estrógenos (perimenopausia/menopausia),Puede estar asociada principalmente a Disfunción sexual masculina / Dificultad para la erección,Se relaciona con Disminución de la libido,Se relaciona principalmente con Síndrome de Ovario Poliquístico (SOP),"1,3",APROBADA,P009,,,
PAT_00010,Patologias,Apoyo a la salud reproductiva femenina y planificación del embarazo,Nivel 2,Sintoma_Causa_Patologia,Seleccione las DOS afirmaciones que se relacionan correctamente con Apoyo a la salud reproductiva femenina y planificación del embarazo.,Se relaciona principalmente con Bienestar íntimo femenino y función sexual,Se relaciona con Dificultad para lograr embarazo,Puede estar asociada principalmente a Perimenopausia / Menopausia,"Puede estar asociada a Déficit nutricional (ácido fólico, hierro, zinc, vitamina D)","2,4",APROBADA,P010,,,
PAT_00011,Patologias,Síndrome de Ovario Poliquístico (SOP),Nivel 2,Sintoma_Causa_Patologia,Seleccione las DOS afirmaciones que se relacionan correctamente con Síndrome de Ovario Poliquístico (SOP).,Se relaciona con Menstruaciones irregulares o ausencia de menstruación,Puede estar asociada principalmente a Varicocele (Apoyo a la salud vascular y reproductiva masculina),Se relaciona principalmente con Artritis inflamatoria,Puede estar asociada a Predisposición genética,"1,4",APROBADA,P011,,,
PAT_00012,Patologias,Quistes ováricos funcionales,Nivel 2,Sintoma_Causa_Patologia,Seleccione las DOS afirmaciones que se relacionan correctamente con Quistes ováricos funcionales.,Se relaciona con Dolor pélvico unilateral,Puede estar asociada principalmente a Disfunción sexual masculina / Dificultad para la erección,Puede estar asociada a Cambios normales del ciclo ovulatorio,Se relaciona principalmente con Salud prostática / Molestias prostáticas,"1,3",APROBADA,P012,,,
PAT_00013,Patologias,Endometriosis,Nivel 2,Sintoma_Causa_Patologia,Seleccione las DOS afirmaciones que se relacionan correctamente con Endometriosis.,Puede estar asociada principalmente a Salud prostática / Molestias prostáticas,Se relaciona principalmente con Artritis inflamatoria,Puede estar asociada a Predisposición genética,Se relaciona con Dolor menstrual intenso,"3,4",APROBADA,P013,,,
PAT_00014,Patologias,Osteoporosis,Nivel 2,Sintoma_Causa_Patologia,Seleccione las DOS afirmaciones que se relacionan correctamente con Osteoporosis.,Puede estar asociada principalmente a Síndrome de Ovario Poliquístico (SOP),Puede estar asociada a Envejecimiento,Se relaciona principalmente con Salud prostática / Molestias prostáticas,Se relaciona con Dolor de espalda frecuente,"2,4",APROBADA,P014,,,
PAT_00015,Patologias,Artrosis (desgaste articular / osteoartritis),Nivel 2,Sintoma_Causa_Patologia,Seleccione las DOS afirmaciones que se relacionan correctamente con Artrosis (desgaste articular / osteoartritis).,"Puede estar asociada principalmente a Dolor muscular, contracturas y molestias musculoesqueléticas localizadas",Puede estar asociada a Envejecimiento,Se relaciona principalmente con Ciática / Lumbalgia,"Se relaciona con Dolor en rodillas, cadera, manos o columna","2,4",APROBADA,P015,,,
PAT_00016,Patologias,Artritis inflamatoria,Nivel 2,Sintoma_Causa_Patologia,Seleccione las DOS afirmaciones que se relacionan correctamente con Artritis inflamatoria.,Se relaciona con Dolor articular,Se relaciona principalmente con Síndrome de Ovario Poliquístico (SOP),Puede estar asociada principalmente a Disfunción sexual masculina / Dificultad para la erección,Puede estar asociada a Alteraciones del sistema inmunológico,"1,4",APROBADA,P016,,,
PAT_00017,Patologias,Ciática / Lumbalgia,Nivel 2,Sintoma_Causa_Patologia,Seleccione las DOS afirmaciones que se relacionan correctamente con Ciática / Lumbalgia.,Se relaciona principalmente con Bienestar íntimo femenino y función sexual,Puede estar asociada principalmente a Disfunción sexual masculina / Dificultad para la erección,Se relaciona con Dolor lumbar,Puede estar asociada a Sobrecarga física,"3,4",APROBADA,P017,,,
PAT_00018,Patologias,"Dolor muscular, contracturas y molestias musculoesqueléticas localizadas",Nivel 2,Sintoma_Causa_Patologia,"Seleccione las DOS afirmaciones que se relacionan correctamente con Dolor muscular, contracturas y molestias musculoesqueléticas localizadas.",Puede estar asociada principalmente a Disfunción sexual masculina / Dificultad para la erección,Se relaciona principalmente con Salud prostática / Molestias prostáticas,Puede estar asociada a Esfuerzo físico,Se relaciona con Dolor localizado,"3,4",APROBADA,P018,,,
PAT_00019,Patologias,Fibromialgia,Nivel 2,Sintoma_Causa_Patologia,Seleccione las DOS afirmaciones que se relacionan correctamente con Fibromialgia.,Se relaciona con Dolor generalizado en diferentes zonas del cuerpo,Puede estar asociada principalmente a Espolón calcáneo / dolor de talón (fascitis plantar asociada),Puede estar asociada a Alteraciones en la percepción del dolor,"Se relaciona principalmente con Dolor muscular, contracturas y molestias musculoesqueléticas localizadas","1,3",APROBADA,P019,,,
PAT_00020,Patologias,Espolón calcáneo / dolor de talón (fascitis plantar asociada),Nivel 2,Sintoma_Causa_Patologia,Seleccione las DOS afirmaciones que se relacionan correctamente con Espolón calcáneo / dolor de talón (fascitis plantar asociada).,Se relaciona con Dolor en el talón al dar los primeros pasos,Puede estar asociada a Sobrecarga del pie,Se relaciona principalmente con Control glucémico (Diabetes mellitus tipo 2 / Prediabetes),Puede estar asociada principalmente a Perimenopausia / Menopausia,"1,2",APROBADA,P020,,,
PAT_00021,Patologias,Caída de cabello (Alopecia),Nivel 2,Descripcion_Causa,Considere Caída de cabello (Alopecia). La descripción es: Pérdida de densidad o volumen del cabello; puede ser temporal o progresiva según la causa. y uno de los factores relacionados es Androgenética (DHT). Seleccione las DOS afirmaciones correctas.,El factor indicado no se relaciona con esta patología.,Una causa o factor relacionado es Androgenética (DHT).,La descripción corresponde principalmente a otra condición.,La descripción corresponde a Caída de cabello (Alopecia).,"2,4",APROBADA,P001,,,
PAT_00022,Patologias,Caída de cabello (Alopecia),Nivel 2,Descripcion_Sintomas,Considere la patología Caída de cabello (Alopecia). Su descripción es: Pérdida de densidad o volumen del cabello; puede ser temporal o progresiva según la causa. y presenta señales como Disminución de densidad; entradas; afinamiento; caída difusa; picazón/caspa; cuero cabelludo sensible; cambios en uñas; fatiga.. Seleccione las DOS afirmaciones correctas.,La descripción corresponde a Caída de cabello (Alopecia).,Las señales indicadas son compatibles con Caída de cabello (Alopecia).,La descripción corresponde a una condición diferente.,Las señales indicadas no son compatibles con esta patología.,"1,2",APROBADA,P001,,,
PAT_00023,Patologias,Caída de cabello (Alopecia),Nivel 2,Sintomas_Causa,"En relación con Caída de cabello (Alopecia), considere la señal Disminución de densidad y el factor Androgenética (DHT). Seleccione las DOS afirmaciones correctas.",Disminución de densidad corresponde principalmente a otra condición.,Androgenética (DHT) corresponde exclusivamente a otra patología.,Androgenética (DHT) puede estar relacionada con Caída de cabello (Alopecia).,Disminución de densidad puede presentarse en Caída de cabello (Alopecia).,"3,4",APROBADA,P001,,,
PAT_00024,Patologias,Salud prostática / Molestias prostáticas,Nivel 2,Descripcion_Sintomas,"Considere la patología Salud prostática / Molestias prostáticas. Su descripción es: Alteraciones de la próstata que pueden afectar la micción, producir inflamación o molestias y, en algunos casos, asociarse con cambios en la función sexual. y presenta señales como Chorro débil; aumento de la frecuencia urinaria; levantarse varias veces en la noche; dificultad para iniciar la micción; sensación de vaciamiento incompleto; goteo postmiccional; ardor al orinar; dolor pélvico; dolor al eyacular; disminución de la libido; dificultad para lograr o mantener la erección.. Seleccione las DOS afirmaciones correctas.",La descripción corresponde a una condición diferente.,La descripción corresponde a Salud prostática / Molestias prostáticas.,Las señales indicadas no son compatibles con esta patología.,Las señales indicadas son compatibles con Salud prostática / Molestias prostáticas.,"2,4",APROBADA,P002,,,
PAT_00025,Patologias,Salud prostática / Molestias prostáticas,Nivel 2,Descripcion_Causa,"Considere Salud prostática / Molestias prostáticas. La descripción es: Alteraciones de la próstata que pueden afectar la micción, producir inflamación o molestias y, en algunos casos, asociarse con cambios en la función sexual. y uno de los factores relacionados es Hiperplasia prostática benigna. Seleccione las DOS afirmaciones correctas.",Una causa o factor relacionado es Hiperplasia prostática benigna.,La descripción corresponde a Salud prostática / Molestias prostáticas.,La descripción corresponde principalmente a otra condición.,El factor indicado no se relaciona con esta patología.,"1,2",APROBADA,P002,,,
PAT_00026,Patologias,Salud prostática / Molestias prostáticas,Nivel 2,Sintomas_Causa,"En relación con Salud prostática / Molestias prostáticas, considere la señal Chorro débil y el factor Hiperplasia prostática benigna. Seleccione las DOS afirmaciones correctas.",Hiperplasia prostática benigna corresponde exclusivamente a otra patología.,Hiperplasia prostática benigna puede estar relacionada con Salud prostática / Molestias prostáticas.,Chorro débil corresponde principalmente a otra condición.,Chorro débil puede presentarse en Salud prostática / Molestias prostáticas.,"2,4",APROBADA,P002,,,
PAT_00027,Patologias,Disfunción sexual masculina / Dificultad para la erección,Nivel 2,Descripcion_Causa,"Considere Disfunción sexual masculina / Dificultad para la erección. La descripción es: Dificultad persistente para lograr o mantener una erección suficiente para una relación sexual satisfactoria. Puede estar relacionada con factores físicos, hormonales, circulatorios, prostáticos o emocionales. y uno de los factores relacionados es Estrés o ansiedad. Seleccione las DOS afirmaciones correctas.",La descripción corresponde a Disfunción sexual masculina / Dificultad para la erección.,La descripción corresponde principalmente a otra condición.,El factor indicado no se relaciona con esta patología.,Una causa o factor relacionado es Estrés o ansiedad.,"1,4",APROBADA,P003,,,
PAT_00028,Patologias,Disfunción sexual masculina / Dificultad para la erección,Nivel 2,Descripcion_Sintomas,"Considere la patología Disfunción sexual masculina / Dificultad para la erección. Su descripción es: Dificultad persistente para lograr o mantener una erección suficiente para una relación sexual satisfactoria. Puede estar relacionada con factores físicos, hormonales, circulatorios, prostáticos o emocionales. y presenta señales como Disminución de la libido; dificultad para lograr la erección; dificultad para mantenerla; erecciones menos firmes; disminución del deseo sexual; fatiga.. Seleccione las DOS afirmaciones correctas.",La descripción corresponde a Disfunción sexual masculina / Dificultad para la erección.,La descripción corresponde a una condición diferente.,Las señales indicadas no son compatibles con esta patología.,Las señales indicadas son compatibles con Disfunción sexual masculina / Dificultad para la erección.,"1,4",APROBADA,P003,,,
PAT_00029,Patologias,Disfunción sexual masculina / Dificultad para la erección,Nivel 2,Sintomas_Causa,"En relación con Disfunción sexual masculina / Dificultad para la erección, considere la señal Disminución de la libido y el factor Estrés o ansiedad. Seleccione las DOS afirmaciones correctas.",Estrés o ansiedad puede estar relacionada con Disfunción sexual masculina / Dificultad para la erección.,Disminución de la libido corresponde principalmente a otra condición.,Estrés o ansiedad corresponde exclusivamente a otra patología.,Disminución de la libido puede presentarse en Disfunción sexual masculina / Dificultad para la erección.,"1,4",APROBADA,P003,,,
PAT_00030,Patologias,Vitalidad masculina y apoyo hormonal (Hipogonadismo / Deficiencia de testosterona*),Nivel 2,Descripcion_Causa,"Considere Vitalidad masculina y apoyo hormonal (Hipogonadismo / Deficiencia de testosterona*). La descripción es: Disminución de la energía, la fuerza, el deseo sexual o el rendimiento físico que puede estar relacionada con la edad, el estilo de vida, deficiencias nutricionales o alteraciones hormonales. y uno de los factores relacionados es Envejecimiento. Seleccione las DOS afirmaciones correctas.",El factor indicado no se relaciona con esta patología.,La descripción corresponde principalmente a otra condición.,Una causa o factor relacionado es Envejecimiento.,La descripción corresponde a Vitalidad masculina y apoyo hormonal (Hipogonadismo / Deficiencia de testosterona*).,"3,4",APROBADA,P004,,,
PAT_00031,Patologias,Vitalidad masculina y apoyo hormonal (Hipogonadismo / Deficiencia de testosterona*),Nivel 2,Sintomas_Causa,"En relación con Vitalidad masculina y apoyo hormonal (Hipogonadismo / Deficiencia de testosterona*), considere la señal Disminución de la libido y el factor Envejecimiento. Seleccione las DOS afirmaciones correctas.",Disminución de la libido corresponde principalmente a otra condición.,Disminución de la libido puede presentarse en Vitalidad masculina y apoyo hormonal (Hipogonadismo / Deficiencia de testosterona*).,Envejecimiento corresponde exclusivamente a otra patología.,Envejecimiento puede estar relacionada con Vitalidad masculina y apoyo hormonal (Hipogonadismo / Deficiencia de testosterona*).,"2,4",APROBADA,P004,,,
PAT_00032,Patologias,Vitalidad masculina y apoyo hormonal (Hipogonadismo / Deficiencia de testosterona*),Nivel 2,Descripcion_Sintomas,"Considere la patología Vitalidad masculina y apoyo hormonal (Hipogonadismo / Deficiencia de testosterona*). Su descripción es: Disminución de la energía, la fuerza, el deseo sexual o el rendimiento físico que puede estar relacionada con la edad, el estilo de vida, deficiencias nutricionales o alteraciones hormonales. y presenta señales como Disminución de la libido; fatiga persistente; pérdida de fuerza; disminución de masa muscular; recuperación lenta después del ejercicio; menor rendimiento físico; aumento de grasa abdominal; disminución de la motivación o vitalidad; erecciones matutinas menos frecuentes.. Seleccione las DOS afirmaciones correctas.",La descripción corresponde a Vitalidad masculina y apoyo hormonal (Hipogonadismo / Deficiencia de testosterona*).,La descripción corresponde a una condición diferente.,Las señales indicadas no son compatibles con esta patología.,Las señales indicadas son compatibles con Vitalidad masculina y apoyo hormonal (Hipogonadismo / Deficiencia de testosterona*).,"1,4",APROBADA,P004,,,
PAT_00033,Patologias,Control glucémico (Diabetes mellitus tipo 2 / Prediabetes),Nivel 2,Descripcion_Causa,Considere Control glucémico (Diabetes mellitus tipo 2 / Prediabetes). La descripción es: Alteración del metabolismo de la glucosa que ocasiona niveles elevados de azúcar en sangre o dificultad para mantenerlos dentro de rangos normales. y uno de los factores relacionados es Resistencia a la insulina. Seleccione las DOS afirmaciones correctas.,El factor indicado no se relaciona con esta patología.,La descripción corresponde a Control glucémico (Diabetes mellitus tipo 2 / Prediabetes).,Una causa o factor relacionado es Resistencia a la insulina.,La descripción corresponde principalmente a otra condición.,"2,3",APROBADA,P005,,,
PAT_00034,Patologias,Control glucémico (Diabetes mellitus tipo 2 / Prediabetes),Nivel 2,Descripcion_Sintomas,Considere la patología Control glucémico (Diabetes mellitus tipo 2 / Prediabetes). Su descripción es: Alteración del metabolismo de la glucosa que ocasiona niveles elevados de azúcar en sangre o dificultad para mantenerlos dentro de rangos normales. y presenta señales como Diagnóstico de diabetes o prediabetes; glucosa elevada; sed excesiva; aumento de la frecuencia urinaria; hambre constante; fatiga; visión borrosa; cicatrización lenta; hormigueo o adormecimiento en manos o pies; infecciones frecuentes; sobrepeso u obesidad abdominal.. Seleccione las DOS afirmaciones correctas.,Las señales indicadas son compatibles con Control glucémico (Diabetes mellitus tipo 2 / Prediabetes).,La descripción corresponde a una condición diferente.,La descripción corresponde a Control glucémico (Diabetes mellitus tipo 2 / Prediabetes).,Las señales indicadas no son compatibles con esta patología.,"1,3",APROBADA,P005,,,
PAT_00035,Patologias,Control glucémico (Diabetes mellitus tipo 2 / Prediabetes),Nivel 2,Sintomas_Causa,"En relación con Control glucémico (Diabetes mellitus tipo 2 / Prediabetes), considere la señal Diagnóstico de diabetes o prediabetes y el factor Resistencia a la insulina. Seleccione las DOS afirmaciones correctas.",Resistencia a la insulina corresponde exclusivamente a otra patología.,Diagnóstico de diabetes o prediabetes corresponde principalmente a otra condición.,Diagnóstico de diabetes o prediabetes puede presentarse en Control glucémico (Diabetes mellitus tipo 2 / Prediabetes).,Resistencia a la insulina puede estar relacionada con Control glucémico (Diabetes mellitus tipo 2 / Prediabetes).,"3,4",APROBADA,P005,,,
PAT_00036,Patologias,Perimenopausia / Menopausia,Nivel 2,Descripcion_Sintomas,"Considere la patología Perimenopausia / Menopausia. Su descripción es: Etapa de transición hormonal caracterizada por la disminución progresiva de estrógenos, que puede afectar la salud física, emocional, metabólica, ósea, urinaria y sexual de la mujer. y presenta señales como Alteraciones menstruales; sofocos; sudoración nocturna; cambios del estado de ánimo; insomnio; disminución de la libido; resequedad vaginal; aumento de peso; caída del cabello; cambios en la piel; dolor articular; fatiga; infecciones urinarias recurrentes.. Seleccione las DOS afirmaciones correctas.",La descripción corresponde a Perimenopausia / Menopausia.,La descripción corresponde a una condición diferente.,Las señales indicadas no son compatibles con esta patología.,Las señales indicadas son compatibles con Perimenopausia / Menopausia.,"1,4",APROBADA,P006,,,
PAT_00037,Patologias,Perimenopausia / Menopausia,Nivel 2,Sintomas_Causa,"En relación con Perimenopausia / Menopausia, considere la señal Alteraciones menstruales y el factor Disminución fisiológica de estrógenos y progesterona. Seleccione las DOS afirmaciones correctas.",Alteraciones menstruales corresponde principalmente a otra condición.,Disminución fisiológica de estrógenos y progesterona puede estar relacionada con Perimenopausia / Menopausia.,Disminución fisiológica de estrógenos y progesterona corresponde exclusivamente a otra patología.,Alteraciones menstruales puede presentarse en Perimenopausia / Menopausia.,"2,4",APROBADA,P006,,,
PAT_00038,Patologias,Perimenopausia / Menopausia,Nivel 2,Descripcion_Causa,"Considere Perimenopausia / Menopausia. La descripción es: Etapa de transición hormonal caracterizada por la disminución progresiva de estrógenos, que puede afectar la salud física, emocional, metabólica, ósea, urinaria y sexual de la mujer. y uno de los factores relacionados es Disminución fisiológica de estrógenos y progesterona. Seleccione las DOS afirmaciones correctas.",Una causa o factor relacionado es Disminución fisiológica de estrógenos y progesterona.,La descripción corresponde a Perimenopausia / Menopausia.,La descripción corresponde principalmente a otra condición.,El factor indicado no se relaciona con esta patología.,"1,2",APROBADA,P006,,,
PAT_00039,Patologias,Insomnio,Nivel 2,Descripcion_Causa,"Considere Insomnio. La descripción es: Dificultad para conciliar el sueño, permanecer dormido o lograr un descanso reparador, afectando el bienestar físico, mental y emocional. y uno de los factores relacionados es Estrés. Seleccione las DOS afirmaciones correctas.",El factor indicado no se relaciona con esta patología.,Una causa o factor relacionado es Estrés.,La descripción corresponde a Insomnio.,La descripción corresponde principalmente a otra condición.,"2,3",APROBADA,P007,,,
PAT_00040,Patologias,Insomnio,Nivel 2,Sintomas_Causa,"En relación con Insomnio, considere la señal Dificultad para conciliar el sueño y el factor Estrés. Seleccione las DOS afirmaciones correctas.",Estrés puede estar relacionada con Insomnio.,Dificultad para conciliar el sueño corresponde principalmente a otra condición.,Estrés corresponde exclusivamente a otra patología.,Dificultad para conciliar el sueño puede presentarse en Insomnio.,"1,4",APROBADA,P007,,,
PAT_00041,Patologias,Insomnio,Nivel 2,Descripcion_Sintomas,"Considere la patología Insomnio. Su descripción es: Dificultad para conciliar el sueño, permanecer dormido o lograr un descanso reparador, afectando el bienestar físico, mental y emocional. y presenta señales como Dificultad para conciliar el sueño; despertares frecuentes; despertar muy temprano; sensación de sueño poco reparador; cansancio al despertar; somnolencia diurna; irritabilidad; dificultad para concentrarse; disminución del rendimiento físico o mental; fatiga.. Seleccione las DOS afirmaciones correctas.",La descripción corresponde a una condición diferente.,Las señales indicadas no son compatibles con esta patología.,Las señales indicadas son compatibles con Insomnio.,La descripción corresponde a Insomnio.,"3,4",APROBADA,P007,,,
PAT_00042,Patologias,Varicocele (Apoyo a la salud vascular y reproductiva masculina),Nivel 2,Sintomas_Causa,"En relación con Varicocele (Apoyo a la salud vascular y reproductiva masculina), considere la señal Diagnóstico médico de varicocele y el factor Insuficiencia de las válvulas venosas del cordón espermático. Seleccione las DOS afirmaciones correctas.",Diagnóstico médico de varicocele corresponde principalmente a otra condición.,Insuficiencia de las válvulas venosas del cordón espermático corresponde exclusivamente a otra patología.,Insuficiencia de las válvulas venosas del cordón espermático puede estar relacionada con Varicocele (Apoyo a la salud vascular y reproductiva masculina).,Diagnóstico médico de varicocele puede presentarse en Varicocele (Apoyo a la salud vascular y reproductiva masculina).,"3,4",APROBADA,P008,,,
PAT_00043,Patologias,Varicocele (Apoyo a la salud vascular y reproductiva masculina),Nivel 2,Descripcion_Causa,"Considere Varicocele (Apoyo a la salud vascular y reproductiva masculina). La descripción es: Dilatación anormal de las venas del cordón espermático, generalmente en el lado izquierdo, que puede afectar la circulación testicular y, en algunos casos, la fertilidad, la producción de testosterona o generar molestias locales. y uno de los factores relacionados es Insuficiencia de las válvulas venosas del cordón espermático. Seleccione las DOS afirmaciones correctas.",La descripción corresponde principalmente a otra condición.,La descripción corresponde a Varicocele (Apoyo a la salud vascular y reproductiva masculina).,Una causa o factor relacionado es Insuficiencia de las válvulas venosas del cordón espermático.,El factor indicado no se relaciona con esta patología.,"2,3",APROBADA,P008,,,
PAT_00044,Patologias,Varicocele (Apoyo a la salud vascular y reproductiva masculina),Nivel 2,Descripcion_Sintomas,"Considere la patología Varicocele (Apoyo a la salud vascular y reproductiva masculina). Su descripción es: Dilatación anormal de las venas del cordón espermático, generalmente en el lado izquierdo, que puede afectar la circulación testicular y, en algunos casos, la fertilidad, la producción de testosterona o generar molestias locales. y presenta señales como Diagnóstico médico de varicocele; sensación de pesadez o dolor en el escroto; molestias que aumentan al estar de pie o al realizar esfuerzo; disminución de la fertilidad; disminución de la vitalidad masculina; reducción de las erecciones matutinas; disminución de la libido (en algunos casos).. Seleccione las DOS afirmaciones correctas.",Las señales indicadas son compatibles con Varicocele (Apoyo a la salud vascular y reproductiva masculina).,Las señales indicadas no son compatibles con esta patología.,La descripción corresponde a Varicocele (Apoyo a la salud vascular y reproductiva masculina).,La descripción corresponde a una condición diferente.,"1,3",APROBADA,P008,,,
PAT_00045,Patologias,Bienestar íntimo femenino y función sexual,Nivel 2,Sintomas_Causa,"En relación con Bienestar íntimo femenino y función sexual, considere la señal Disminución de la libido y el factor Disminución de estrógenos (perimenopausia/menopausia). Seleccione las DOS afirmaciones correctas.",Disminución de estrógenos (perimenopausia/menopausia) puede estar relacionada con Bienestar íntimo femenino y función sexual.,Disminución de la libido corresponde principalmente a otra condición.,Disminución de la libido puede presentarse en Bienestar íntimo femenino y función sexual.,Disminución de estrógenos (perimenopausia/menopausia) corresponde exclusivamente a otra patología.,"1,3",APROBADA,P009,,,
PAT_00046,Patologias,Bienestar íntimo femenino y función sexual,Nivel 2,Descripcion_Causa,"Considere Bienestar íntimo femenino y función sexual. La descripción es: Disminución del deseo sexual o alteraciones del bienestar íntimo que pueden afectar la satisfacción durante las relaciones sexuales. Puede estar relacionada con factores hormonales, emocionales, circulatorios, metabólicos o alteraciones de la flora vaginal. y uno de los factores relacionados es Disminución de estrógenos (perimenopausia/menopausia). Seleccione las DOS afirmaciones correctas.",La descripción corresponde principalmente a otra condición.,El factor indicado no se relaciona con esta patología.,Una causa o factor relacionado es Disminución de estrógenos (perimenopausia/menopausia).,La descripción corresponde a Bienestar íntimo femenino y función sexual.,"3,4",APROBADA,P009,,,
PAT_00047,Patologias,Bienestar íntimo femenino y función sexual,Nivel 2,Descripcion_Sintomas,"Considere la patología Bienestar íntimo femenino y función sexual. Su descripción es: Disminución del deseo sexual o alteraciones del bienestar íntimo que pueden afectar la satisfacción durante las relaciones sexuales. Puede estar relacionada con factores hormonales, emocionales, circulatorios, metabólicos o alteraciones de la flora vaginal. y presenta señales como Disminución de la libido; resequedad vaginal; disminución de la lubricación; molestias o dolor durante las relaciones sexuales; menor sensibilidad o excitación; dificultad para alcanzar el orgasmo; infecciones urinarias o vaginales recurrentes; disminución del bienestar íntimo.. Seleccione las DOS afirmaciones correctas.",Las señales indicadas son compatibles con Bienestar íntimo femenino y función sexual.,Las señales indicadas no son compatibles con esta patología.,La descripción corresponde a una condición diferente.,La descripción corresponde a Bienestar íntimo femenino y función sexual.,"1,4",APROBADA,P009,,,
PAT_00048,Patologias,Apoyo a la salud reproductiva femenina y planificación del embarazo,Nivel 2,Descripcion_Causa,"Considere Apoyo a la salud reproductiva femenina y planificación del embarazo. La descripción es: Condición en la que uno o varios factores nutricionales, hormonales, metabólicos, emocionales o de estilo de vida pueden disminuir las condiciones óptimas para la concepción. El sistema brinda apoyo nutricional y bienestar reproductivo como complemento y no reemplaza la valoración médica especializada. y uno de los factores relacionados es Déficit nutricional (ácido fólico, hierro, zinc, vitamina D). Seleccione las DOS afirmaciones correctas.",La descripción corresponde principalmente a otra condición.,La descripción corresponde a Apoyo a la salud reproductiva femenina y planificación del embarazo.,El factor indicado no se relaciona con esta patología.,"Una causa o factor relacionado es Déficit nutricional (ácido fólico, hierro, zinc, vitamina D).","2,4",APROBADA,P010,,,
PAT_00049,Patologias,Apoyo a la salud reproductiva femenina y planificación del embarazo,Nivel 2,Sintomas_Causa,"En relación con Apoyo a la salud reproductiva femenina y planificación del embarazo, considere la señal Dificultad para lograr embarazo y el factor Déficit nutricional (ácido fólico, hierro, zinc, vitamina D). Seleccione las DOS afirmaciones correctas.","Déficit nutricional (ácido fólico, hierro, zinc, vitamina D) corresponde exclusivamente a otra patología.","Déficit nutricional (ácido fólico, hierro, zinc, vitamina D) puede estar relacionada con Apoyo a la salud reproductiva femenina y planificación del embarazo.",Dificultad para lograr embarazo puede presentarse en Apoyo a la salud reproductiva femenina y planificación del embarazo.,Dificultad para lograr embarazo corresponde principalmente a otra condición.,"2,3",APROBADA,P010,,,
PAT_00050,Patologias,Apoyo a la salud reproductiva femenina y planificación del embarazo,Nivel 2,Descripcion_Sintomas,"Considere la patología Apoyo a la salud reproductiva femenina y planificación del embarazo. Su descripción es: Condición en la que uno o varios factores nutricionales, hormonales, metabólicos, emocionales o de estilo de vida pueden disminuir las condiciones óptimas para la concepción. El sistema brinda apoyo nutricional y bienestar reproductivo como complemento y no reemplaza la valoración médica especializada. y presenta señales como Dificultad para lograr embarazo; planificación del embarazo; ciclos menstruales irregulares; antecedentes de infertilidad; fatiga o deficiencias nutricionales; diagnóstico de baja reserva ovárica o alteraciones ovulatorias; antecedentes de aborto temprano; deseo de optimizar el estado nutricional antes de la concepción.. Seleccione las DOS afirmaciones correctas.",Las señales indicadas no son compatibles con esta patología.,La descripción corresponde a una condición diferente.,Las señales indicadas son compatibles con Apoyo a la salud reproductiva femenina y planificación del embarazo.,La descripción corresponde a Apoyo a la salud reproductiva femenina y planificación del embarazo.,"3,4",APROBADA,P010,,,
PAT_00051,Patologias,Síndrome de Ovario Poliquístico (SOP),Nivel 2,Descripcion_Causa,"Considere Síndrome de Ovario Poliquístico (SOP). La descripción es: Trastorno hormonal y metabólico caracterizado por alteraciones en la ovulación, exceso de andrógenos y, con frecuencia, resistencia a la insulina, que puede afectar la salud reproductiva, metabólica y cardiovascular de la mujer. y uno de los factores relacionados es Predisposición genética. Seleccione las DOS afirmaciones correctas.",La descripción corresponde a Síndrome de Ovario Poliquístico (SOP).,El factor indicado no se relaciona con esta patología.,Una causa o factor relacionado es Predisposición genética.,La descripción corresponde principalmente a otra condición.,"1,3",APROBADA,P011,,,
PAT_00052,Patologias,Síndrome de Ovario Poliquístico (SOP),Nivel 2,Descripcion_Sintomas,"Considere la patología Síndrome de Ovario Poliquístico (SOP). Su descripción es: Trastorno hormonal y metabólico caracterizado por alteraciones en la ovulación, exceso de andrógenos y, con frecuencia, resistencia a la insulina, que puede afectar la salud reproductiva, metabólica y cardiovascular de la mujer. y presenta señales como Menstruaciones irregulares o ausencia de menstruación; dificultad para quedar embarazada; acné; exceso de vello corporal o facial; caída del cabello; aumento de peso; resistencia a la insulina; ovarios con múltiples folículos en ecografía.. Seleccione las DOS afirmaciones correctas.",Las señales indicadas no son compatibles con esta patología.,Las señales indicadas son compatibles con Síndrome de Ovario Poliquístico (SOP).,La descripción corresponde a una condición diferente.,La descripción corresponde a Síndrome de Ovario Poliquístico (SOP).,"2,4",APROBADA,P011,,,
PAT_00053,Patologias,Síndrome de Ovario Poliquístico (SOP),Nivel 2,Sintomas_Causa,"En relación con Síndrome de Ovario Poliquístico (SOP), considere la señal Menstruaciones irregulares o ausencia de menstruación y el factor Predisposición genética. Seleccione las DOS afirmaciones correctas.",Menstruaciones irregulares o ausencia de menstruación puede presentarse en Síndrome de Ovario Poliquístico (SOP).,Predisposición genética puede estar relacionada con Síndrome de Ovario Poliquístico (SOP).,Predisposición genética corresponde exclusivamente a otra patología.,Menstruaciones irregulares o ausencia de menstruación corresponde principalmente a otra condición.,"1,2",APROBADA,P011,,,
PAT_00054,Patologias,Quistes ováricos funcionales,Nivel 2,Descripcion_Causa,"Considere Quistes ováricos funcionales. La descripción es: Presencia de quistes benignos que se forman durante el ciclo menstrual y que, en la mayoría de los casos, desaparecen espontáneamente, aunque algunos pueden producir dolor o alteraciones menstruales. y uno de los factores relacionados es Cambios normales del ciclo ovulatorio. Seleccione las DOS afirmaciones correctas.",Una causa o factor relacionado es Cambios normales del ciclo ovulatorio.,La descripción corresponde a Quistes ováricos funcionales.,El factor indicado no se relaciona con esta patología.,La descripción corresponde principalmente a otra condición.,"1,2",APROBADA,P012,,,
PAT_00055,Patologias,Quistes ováricos funcionales,Nivel 2,Descripcion_Sintomas,"Considere la patología Quistes ováricos funcionales. Su descripción es: Presencia de quistes benignos que se forman durante el ciclo menstrual y que, en la mayoría de los casos, desaparecen espontáneamente, aunque algunos pueden producir dolor o alteraciones menstruales. y presenta señales como Dolor pélvico unilateral; sensación de presión o pesadez en la pelvis; dolor durante las relaciones sexuales; alteraciones del ciclo menstrual; distensión abdominal; en muchos casos ausencia de síntomas.. Seleccione las DOS afirmaciones correctas.",La descripción corresponde a una condición diferente.,La descripción corresponde a Quistes ováricos funcionales.,Las señales indicadas son compatibles con Quistes ováricos funcionales.,Las señales indicadas no son compatibles con esta patología.,"2,3",APROBADA,P012,,,
PAT_00056,Patologias,Quistes ováricos funcionales,Nivel 2,Sintomas_Causa,"En relación con Quistes ováricos funcionales, considere la señal Dolor pélvico unilateral y el factor Cambios normales del ciclo ovulatorio. Seleccione las DOS afirmaciones correctas.",Dolor pélvico unilateral corresponde principalmente a otra condición.,Cambios normales del ciclo ovulatorio corresponde exclusivamente a otra patología.,Dolor pélvico unilateral puede presentarse en Quistes ováricos funcionales.,Cambios normales del ciclo ovulatorio puede estar relacionada con Quistes ováricos funcionales.,"3,4",APROBADA,P012,,,
PAT_00057,Patologias,Endometriosis,Nivel 2,Sintomas_Causa,"En relación con Endometriosis, considere la señal Dolor menstrual intenso y el factor Predisposición genética. Seleccione las DOS afirmaciones correctas.",Dolor menstrual intenso corresponde principalmente a otra condición.,Dolor menstrual intenso puede presentarse en Endometriosis.,Predisposición genética puede estar relacionada con Endometriosis.,Predisposición genética corresponde exclusivamente a otra patología.,"2,3",APROBADA,P013,,,
PAT_00058,Patologias,Endometriosis,Nivel 2,Descripcion_Causa,"Considere Endometriosis. La descripción es: Enfermedad inflamatoria crónica en la que tejido similar al endometrio crece fuera del útero, ocasionando dolor pélvico, inflamación y, en algunas mujeres, dificultades para lograr el embarazo. y uno de los factores relacionados es Predisposición genética. Seleccione las DOS afirmaciones correctas.",Una causa o factor relacionado es Predisposición genética.,La descripción corresponde principalmente a otra condición.,El factor indicado no se relaciona con esta patología.,La descripción corresponde a Endometriosis.,"1,4",APROBADA,P013,,,
PAT_00059,Patologias,Endometriosis,Nivel 2,Descripcion_Sintomas,"Considere la patología Endometriosis. Su descripción es: Enfermedad inflamatoria crónica en la que tejido similar al endometrio crece fuera del útero, ocasionando dolor pélvico, inflamación y, en algunas mujeres, dificultades para lograr el embarazo. y presenta señales como Dolor menstrual intenso; dolor pélvico crónico; dolor durante las relaciones sexuales; sangrado menstrual abundante o prolongado; dolor al evacuar o al orinar durante la menstruación; infertilidad; fatiga.. Seleccione las DOS afirmaciones correctas.",Las señales indicadas son compatibles con Endometriosis.,La descripción corresponde a Endometriosis.,La descripción corresponde a una condición diferente.,Las señales indicadas no son compatibles con esta patología.,"1,2",APROBADA,P013,,,
PAT_00060,Patologias,Osteoporosis,Nivel 2,Sintomas_Causa,"En relación con Osteoporosis, considere la señal Dolor de espalda frecuente y el factor Envejecimiento. Seleccione las DOS afirmaciones correctas.",Dolor de espalda frecuente corresponde principalmente a otra condición.,Envejecimiento puede estar relacionada con Osteoporosis.,Dolor de espalda frecuente puede presentarse en Osteoporosis.,Envejecimiento corresponde exclusivamente a otra patología.,"2,3",APROBADA,P014,,,
PAT_00061,Patologias,Osteoporosis,Nivel 2,Descripcion_Causa,"Considere Osteoporosis. La descripción es: Enfermedad en la que los huesos pierden densidad y resistencia, aumentando el riesgo de fracturas, especialmente en columna, cadera y muñeca. Puede avanzar silenciosamente durante años sin síntomas evidentes. y uno de los factores relacionados es Envejecimiento. Seleccione las DOS afirmaciones correctas.",El factor indicado no se relaciona con esta patología.,Una causa o factor relacionado es Envejecimiento.,La descripción corresponde a Osteoporosis.,La descripción corresponde principalmente a otra condición.,"2,3",APROBADA,P014,,,
PAT_00062,Patologias,Osteoporosis,Nivel 2,Descripcion_Sintomas,"Considere la patología Osteoporosis. Su descripción es: Enfermedad en la que los huesos pierden densidad y resistencia, aumentando el riesgo de fracturas, especialmente en columna, cadera y muñeca. Puede avanzar silenciosamente durante años sin síntomas evidentes. y presenta señales como Dolor de espalda frecuente; pérdida de estatura con los años; postura encorvada; fracturas ante golpes leves; debilidad muscular; disminución de fuerza; dificultad para mantener actividad física; antecedentes familiares de osteoporosis; menopausia o edad avanzada.. Seleccione las DOS afirmaciones correctas.",La descripción corresponde a Osteoporosis.,Las señales indicadas son compatibles con Osteoporosis.,La descripción corresponde a una condición diferente.,Las señales indicadas no son compatibles con esta patología.,"1,2",APROBADA,P014,,,
PAT_00063,Patologias,Artrosis (desgaste articular / osteoartritis),Nivel 2,Descripcion_Causa,"Considere Artrosis (desgaste articular / osteoartritis). La descripción es: Enfermedad degenerativa de las articulaciones en la que el cartílago que protege los huesos se deteriora progresivamente, generando dolor, rigidez y pérdida de movilidad. y uno de los factores relacionados es Envejecimiento. Seleccione las DOS afirmaciones correctas.",El factor indicado no se relaciona con esta patología.,La descripción corresponde a Artrosis (desgaste articular / osteoartritis).,La descripción corresponde principalmente a otra condición.,Una causa o factor relacionado es Envejecimiento.,"2,4",APROBADA,P015,,,
PAT_00064,Patologias,Artrosis (desgaste articular / osteoartritis),Nivel 2,Descripcion_Sintomas,"Considere la patología Artrosis (desgaste articular / osteoartritis). Su descripción es: Enfermedad degenerativa de las articulaciones en la que el cartílago que protege los huesos se deteriora progresivamente, generando dolor, rigidez y pérdida de movilidad. y presenta señales como Dolor en rodillas, cadera, manos o columna; rigidez después del reposo; dificultad para movilizar la articulación; crujidos o sensación de roce; disminución de movilidad; molestias que aumentan con el uso de la articulación.. Seleccione las DOS afirmaciones correctas.",La descripción corresponde a una condición diferente.,Las señales indicadas no son compatibles con esta patología.,La descripción corresponde a Artrosis (desgaste articular / osteoartritis).,Las señales indicadas son compatibles con Artrosis (desgaste articular / osteoartritis).,"3,4",APROBADA,P015,,,
PAT_00065,Patologias,Artrosis (desgaste articular / osteoartritis),Nivel 2,Sintomas_Causa,"En relación con Artrosis (desgaste articular / osteoartritis), considere la señal Dolor en rodillas, cadera, manos o columna y el factor Envejecimiento. Seleccione las DOS afirmaciones correctas.",Envejecimiento corresponde exclusivamente a otra patología.,"Dolor en rodillas, cadera, manos o columna puede presentarse en Artrosis (desgaste articular / osteoartritis).",Envejecimiento puede estar relacionada con Artrosis (desgaste articular / osteoartritis).,"Dolor en rodillas, cadera, manos o columna corresponde principalmente a otra condición.","2,3",APROBADA,P015,,,
PAT_00066,Patologias,Artritis inflamatoria,Nivel 2,Sintomas_Causa,"En relación con Artritis inflamatoria, considere la señal Dolor articular y el factor Alteraciones del sistema inmunológico. Seleccione las DOS afirmaciones correctas.",Dolor articular corresponde principalmente a otra condición.,Alteraciones del sistema inmunológico puede estar relacionada con Artritis inflamatoria.,Alteraciones del sistema inmunológico corresponde exclusivamente a otra patología.,Dolor articular puede presentarse en Artritis inflamatoria.,"2,4",APROBADA,P016,,,
PAT_00067,Patologias,Artritis inflamatoria,Nivel 2,Descripcion_Sintomas,"Considere la patología Artritis inflamatoria. Su descripción es: Condición en la que existe inflamación dentro de una o varias articulaciones, causando dolor, rigidez y sensibilidad. Algunas formas pueden tener origen autoinmune y requieren seguimiento médico. y presenta señales como Dolor articular; inflamación visible; articulaciones calientes o sensibles; rigidez prolongada especialmente al despertar; dificultad para mover la articulación; fatiga asociada; molestias en varias articulaciones.. Seleccione las DOS afirmaciones correctas.",La descripción corresponde a Artritis inflamatoria.,La descripción corresponde a una condición diferente.,Las señales indicadas no son compatibles con esta patología.,Las señales indicadas son compatibles con Artritis inflamatoria.,"1,4",APROBADA,P016,,,
PAT_00068,Patologias,Artritis inflamatoria,Nivel 2,Descripcion_Causa,"Considere Artritis inflamatoria. La descripción es: Condición en la que existe inflamación dentro de una o varias articulaciones, causando dolor, rigidez y sensibilidad. Algunas formas pueden tener origen autoinmune y requieren seguimiento médico. y uno de los factores relacionados es Alteraciones del sistema inmunológico. Seleccione las DOS afirmaciones correctas.",La descripción corresponde a Artritis inflamatoria.,El factor indicado no se relaciona con esta patología.,Una causa o factor relacionado es Alteraciones del sistema inmunológico.,La descripción corresponde principalmente a otra condición.,"1,3",APROBADA,P016,,,
PAT_00069,Patologias,Ciática / Lumbalgia,Nivel 2,Sintomas_Causa,"En relación con Ciática / Lumbalgia, considere la señal Dolor lumbar y el factor Sobrecarga física. Seleccione las DOS afirmaciones correctas.",Dolor lumbar corresponde principalmente a otra condición.,Sobrecarga física corresponde exclusivamente a otra patología.,Sobrecarga física puede estar relacionada con Ciática / Lumbalgia.,Dolor lumbar puede presentarse en Ciática / Lumbalgia.,"3,4",APROBADA,P017,,,
PAT_00070,Patologias,Ciática / Lumbalgia,Nivel 2,Descripcion_Causa,"Considere Ciática / Lumbalgia. La descripción es: Dolor localizado en la zona lumbar que puede relacionarse con músculos, columna o irritación del nervio ciático, pudiendo extenderse hacia glúteo o pierna. y uno de los factores relacionados es Sobrecarga física. Seleccione las DOS afirmaciones correctas.",La descripción corresponde a Ciática / Lumbalgia.,La descripción corresponde principalmente a otra condición.,Una causa o factor relacionado es Sobrecarga física.,El factor indicado no se relaciona con esta patología.,"1,3",APROBADA,P017,,,
PAT_00071,Patologias,Ciática / Lumbalgia,Nivel 2,Descripcion_Sintomas,"Considere la patología Ciática / Lumbalgia. Su descripción es: Dolor localizado en la zona lumbar que puede relacionarse con músculos, columna o irritación del nervio ciático, pudiendo extenderse hacia glúteo o pierna. y presenta señales como Dolor lumbar; dolor que baja hacia glúteo o pierna; sensación de tirón; rigidez de espalda; dificultad para moverse; molestias después de permanecer mucho tiempo sentado o de pie.. Seleccione las DOS afirmaciones correctas.",Las señales indicadas son compatibles con Ciática / Lumbalgia.,La descripción corresponde a una condición diferente.,La descripción corresponde a Ciática / Lumbalgia.,Las señales indicadas no son compatibles con esta patología.,"1,3",APROBADA,P017,,,
PAT_00072,Patologias,"Dolor muscular, contracturas y molestias musculoesqueléticas localizadas",Nivel 2,Descripcion_Sintomas,"Considere la patología Dolor muscular, contracturas y molestias musculoesqueléticas localizadas. Su descripción es: Molestias relacionadas con tensión, sobrecarga o irritación de músculos y tejidos blandos, que pueden afectar cuello, espalda u otras zonas del cuerpo. y presenta señales como Dolor localizado; sensación de tensión o contractura; rigidez muscular; molestias al mover la zona; cuello o espalda cargados; sensación de cansancio muscular.. Seleccione las DOS afirmaciones correctas.","La descripción corresponde a Dolor muscular, contracturas y molestias musculoesqueléticas localizadas.","Las señales indicadas son compatibles con Dolor muscular, contracturas y molestias musculoesqueléticas localizadas.",Las señales indicadas no son compatibles con esta patología.,La descripción corresponde a una condición diferente.,"1,2",APROBADA,P018,,,
PAT_00073,Patologias,"Dolor muscular, contracturas y molestias musculoesqueléticas localizadas",Nivel 2,Sintomas_Causa,"En relación con Dolor muscular, contracturas y molestias musculoesqueléticas localizadas, considere la señal Dolor localizado y el factor Esfuerzo físico. Seleccione las DOS afirmaciones correctas.",Dolor localizado corresponde principalmente a otra condición.,Esfuerzo físico corresponde exclusivamente a otra patología.,"Esfuerzo físico puede estar relacionada con Dolor muscular, contracturas y molestias musculoesqueléticas localizadas.","Dolor localizado puede presentarse en Dolor muscular, contracturas y molestias musculoesqueléticas localizadas.","3,4",APROBADA,P018,,,
PAT_00074,Patologias,"Dolor muscular, contracturas y molestias musculoesqueléticas localizadas",Nivel 2,Descripcion_Causa,"Considere Dolor muscular, contracturas y molestias musculoesqueléticas localizadas. La descripción es: Molestias relacionadas con tensión, sobrecarga o irritación de músculos y tejidos blandos, que pueden afectar cuello, espalda u otras zonas del cuerpo. y uno de los factores relacionados es Esfuerzo físico. Seleccione las DOS afirmaciones correctas.","La descripción corresponde a Dolor muscular, contracturas y molestias musculoesqueléticas localizadas.",Una causa o factor relacionado es Esfuerzo físico.,La descripción corresponde principalmente a otra condición.,El factor indicado no se relaciona con esta patología.,"1,2",APROBADA,P018,,,
PAT_00075,Patologias,Fibromialgia,Nivel 2,Sintomas_Causa,"En relación con Fibromialgia, considere la señal Dolor generalizado en diferentes zonas del cuerpo y el factor Alteraciones en la percepción del dolor. Seleccione las DOS afirmaciones correctas.",Alteraciones en la percepción del dolor puede estar relacionada con Fibromialgia.,Alteraciones en la percepción del dolor corresponde exclusivamente a otra patología.,Dolor generalizado en diferentes zonas del cuerpo puede presentarse en Fibromialgia.,Dolor generalizado en diferentes zonas del cuerpo corresponde principalmente a otra condición.,"1,3",APROBADA,P019,,,
PAT_00076,Patologias,Fibromialgia,Nivel 2,Descripcion_Sintomas,"Considere la patología Fibromialgia. Su descripción es: Síndrome caracterizado por dolor musculoesquelético generalizado, acompañado frecuentemente de fatiga, alteraciones del sueño y mayor sensibilidad al dolor. y presenta señales como Dolor generalizado en diferentes zonas del cuerpo; cansancio frecuente; sueño no reparador; rigidez; sensibilidad aumentada; dificultad para concentrarse; molestias musculares persistentes.. Seleccione las DOS afirmaciones correctas.",Las señales indicadas son compatibles con Fibromialgia.,La descripción corresponde a una condición diferente.,La descripción corresponde a Fibromialgia.,Las señales indicadas no son compatibles con esta patología.,"1,3",APROBADA,P019,,,
PAT_00077,Patologias,Fibromialgia,Nivel 2,Descripcion_Causa,"Considere Fibromialgia. La descripción es: Síndrome caracterizado por dolor musculoesquelético generalizado, acompañado frecuentemente de fatiga, alteraciones del sueño y mayor sensibilidad al dolor. y uno de los factores relacionados es Alteraciones en la percepción del dolor. Seleccione las DOS afirmaciones correctas.",La descripción corresponde a Fibromialgia.,El factor indicado no se relaciona con esta patología.,Una causa o factor relacionado es Alteraciones en la percepción del dolor.,La descripción corresponde principalmente a otra condición.,"1,3",APROBADA,P019,,,
PAT_00078,Patologias,Espolón calcáneo / dolor de talón (fascitis plantar asociada),Nivel 2,Sintomas_Causa,"En relación con Espolón calcáneo / dolor de talón (fascitis plantar asociada), considere la señal Dolor en el talón al dar los primeros pasos y el factor Sobrecarga del pie. Seleccione las DOS afirmaciones correctas.",Dolor en el talón al dar los primeros pasos corresponde principalmente a otra condición.,Sobrecarga del pie puede estar relacionada con Espolón calcáneo / dolor de talón (fascitis plantar asociada).,Sobrecarga del pie corresponde exclusivamente a otra patología.,Dolor en el talón al dar los primeros pasos puede presentarse en Espolón calcáneo / dolor de talón (fascitis plantar asociada).,"2,4",APROBADA,P020,,,
PAT_00079,Patologias,Espolón calcáneo / dolor de talón (fascitis plantar asociada),Nivel 2,Descripcion_Sintomas,Considere la patología Espolón calcáneo / dolor de talón (fascitis plantar asociada). Su descripción es: Molestia localizada en la zona del talón que suele relacionarse con irritación de tejidos de soporte del pie y puede generar dolor al caminar o permanecer de pie. y presenta señales como Dolor en el talón al dar los primeros pasos; dolor después de periodos de descanso; sensibilidad al apoyar; molestia al caminar; rigidez en la planta del pie.. Seleccione las DOS afirmaciones correctas.,La descripción corresponde a Espolón calcáneo / dolor de talón (fascitis plantar asociada).,Las señales indicadas son compatibles con Espolón calcáneo / dolor de talón (fascitis plantar asociada).,La descripción corresponde a una condición diferente.,Las señales indicadas no son compatibles con esta patología.,"1,2",APROBADA,P020,,,
PAT_00080,Patologias,Espolón calcáneo / dolor de talón (fascitis plantar asociada),Nivel 2,Descripcion_Causa,Considere Espolón calcáneo / dolor de talón (fascitis plantar asociada). La descripción es: Molestia localizada en la zona del talón que suele relacionarse con irritación de tejidos de soporte del pie y puede generar dolor al caminar o permanecer de pie. y uno de los factores relacionados es Sobrecarga del pie. Seleccione las DOS afirmaciones correctas.,Una causa o factor relacionado es Sobrecarga del pie.,El factor indicado no se relaciona con esta patología.,La descripción corresponde a Espolón calcáneo / dolor de talón (fascitis plantar asociada).,La descripción corresponde principalmente a otra condición.,"1,3",APROBADA,P020,,,
PAT_00081,Patologias,Caída de cabello (Alopecia),Nivel 1,Patologia_Descripcion,¿Cuál de las siguientes descripciones corresponde a Caída de cabello (Alopecia)?,"Disminución del deseo sexual o alteraciones del bienestar íntimo que pueden afectar la satisfacción durante las relaciones sexuales. Puede estar relacionada con factores hormonales, emocionales, circulatorios, metabólicos o alteraciones de la flora vaginal.","Molestias relacionadas con tensión, sobrecarga o irritación de músculos y tejidos blandos, que pueden afectar cuello, espalda u otras zonas del cuerpo.",Pérdida de densidad o volumen del cabello; puede ser temporal o progresiva según la causa.,"Dificultad para conciliar el sueño, permanecer dormido o lograr un descanso reparador, afectando el bienestar físico, mental y emocional.",3,APROBADA,P001,,,
PAT_00083,Patologias,Caída de cabello (Alopecia),Nivel 1,Sintomas_Patologia,Una persona presenta señales como Disminución de densidad; entradas; afinamiento; caída difusa; picazón/caspa; cuero cabelludo sensible; cambios en uñas; fatiga.. ¿Con cuál de las siguientes patologías se relacionan?,Insomnio,Caída de cabello (Alopecia),Quistes ováricos funcionales,Fibromialgia,2,APROBADA,P001,,,
PAT_00084,Patologias,Caída de cabello (Alopecia),Nivel 1,Causas_Patologia,Factores como Androgenética (DHT); déficit nutricional (hierro/zinc/biotina/proteína); estrés y alteración del sueño; postparto; perimenopausia/menopausia; cuero cabelludo (caspa/dermatitis); fármacos/quimio; químicos/cosméticos; tiroides. pueden estar relacionados con cuál de las siguientes patologías?,Bienestar íntimo femenino y función sexual,Síndrome de Ovario Poliquístico (SOP),Fibromialgia,Caída de cabello (Alopecia),4,APROBADA,P001,,,
PAT_00085,Patologias,Salud prostática / Molestias prostáticas,Nivel 1,Patologia_Descripcion,¿Cuál de las siguientes descripciones corresponde a Salud prostática / Molestias prostáticas?,"Etapa de transición hormonal caracterizada por la disminución progresiva de estrógenos, que puede afectar la salud física, emocional, metabólica, ósea, urinaria y sexual de la mujer.","Enfermedad en la que los huesos pierden densidad y resistencia, aumentando el riesgo de fracturas, especialmente en columna, cadera y muñeca. Puede avanzar silenciosamente durante años sin síntomas evidentes.","Síndrome caracterizado por dolor musculoesquelético generalizado, acompañado frecuentemente de fatiga, alteraciones del sueño y mayor sensibilidad al dolor.","Alteraciones de la próstata que pueden afectar la micción, producir inflamación o molestias y, en algunos casos, asociarse con cambios en la función sexual.",4,APROBADA,P002,,,
PAT_00086,Patologias,Salud prostática / Molestias prostáticas,Nivel 1,Sintomas_Patologia,Una persona presenta señales como Chorro débil; aumento de la frecuencia urinaria; levantarse varias veces en la noche; dificultad para iniciar la micción; sensación de vaciamiento incompleto; goteo postmiccional; ardor al orinar; dolor pélvico; dolor al eyacular; disminución de la libido; dificultad para lograr o mantener la erección.. ¿Con cuál de las siguientes patologías se relacionan?,Fibromialgia,Salud prostática / Molestias prostáticas,Control glucémico (Diabetes mellitus tipo 2 / Prediabetes),Varicocele (Apoyo a la salud vascular y reproductiva masculina),2,APROBADA,P002,,,
PAT_00088,Patologias,Salud prostática / Molestias prostáticas,Nivel 1,Causas_Patologia,Factores como Hiperplasia prostática benigna; prostatitis; predisposición genética; cambios hormonales; obesidad; infecciones urinarias; envejecimiento. pueden estar relacionados con cuál de las siguientes patologías?,Varicocele (Apoyo a la salud vascular y reproductiva masculina),Salud prostática / Molestias prostáticas,Espolón calcáneo / dolor de talón (fascitis plantar asociada),Disfunción sexual masculina / Dificultad para la erección,2,APROBADA,P002,,,
PAT_00090,Patologias,Disfunción sexual masculina / Dificultad para la erección,Nivel 1,Patologia_Descripcion,¿Cuál de las siguientes descripciones corresponde a Disfunción sexual masculina / Dificultad para la erección?,"Dificultad persistente para lograr o mantener una erección suficiente para una relación sexual satisfactoria. Puede estar relacionada con factores físicos, hormonales, circulatorios, prostáticos o emocionales.",Molestia localizada en la zona del talón que suele relacionarse con irritación de tejidos de soporte del pie y puede generar dolor al caminar o permanecer de pie.,"Molestias relacionadas con tensión, sobrecarga o irritación de músculos y tejidos blandos, que pueden afectar cuello, espalda u otras zonas del cuerpo.","Condición en la que existe inflamación dentro de una o varias articulaciones, causando dolor, rigidez y sensibilidad. Algunas formas pueden tener origen autoinmune y requieren seguimiento médico.",1,APROBADA,P003,,,
PAT_00091,Patologias,Disfunción sexual masculina / Dificultad para la erección,Nivel 1,Causas_Patologia,Factores como Estrés o ansiedad; alteraciones vasculares; hipertensión; sobrepeso u obesidad; problemas prostáticos; disminución de testosterona asociada a la edad; sedentarismo; algunos medicamentos; diabetes; tabaquismo. pueden estar relacionados con cuál de las siguientes patologías?,Caída de cabello (Alopecia),Disfunción sexual masculina / Dificultad para la erección,Endometriosis,Perimenopausia / Menopausia,2,APROBADA,P003,,,
PAT_00092,Patologias,Disfunción sexual masculina / Dificultad para la erección,Nivel 1,Sintomas_Patologia,Una persona presenta señales como Disminución de la libido; dificultad para lograr la erección; dificultad para mantenerla; erecciones menos firmes; disminución del deseo sexual; fatiga.. ¿Con cuál de las siguientes patologías se relacionan?,Salud prostática / Molestias prostáticas,Apoyo a la salud reproductiva femenina y planificación del embarazo,Bienestar íntimo femenino y función sexual,Disfunción sexual masculina / Dificultad para la erección,4,APROBADA,P003,,,
PAT_00093,Patologias,Vitalidad masculina y apoyo hormonal (Hipogonadismo / Deficiencia de testosterona*),Nivel 1,Patologia_Descripcion,¿Cuál de las siguientes descripciones corresponde a Vitalidad masculina y apoyo hormonal (Hipogonadismo / Deficiencia de testosterona*)?,"Disminución de la energía, la fuerza, el deseo sexual o el rendimiento físico que puede estar relacionada con la edad, el estilo de vida, deficiencias nutricionales o alteraciones hormonales.","Síndrome caracterizado por dolor musculoesquelético generalizado, acompañado frecuentemente de fatiga, alteraciones del sueño y mayor sensibilidad al dolor.","Enfermedad en la que los huesos pierden densidad y resistencia, aumentando el riesgo de fracturas, especialmente en columna, cadera y muñeca. Puede avanzar silenciosamente durante años sin síntomas evidentes.","Molestias relacionadas con tensión, sobrecarga o irritación de músculos y tejidos blandos, que pueden afectar cuello, espalda u otras zonas del cuerpo.",1,APROBADA,P004,,,
PAT_00095,Patologias,Vitalidad masculina y apoyo hormonal (Hipogonadismo / Deficiencia de testosterona*),Nivel 1,Sintomas_Patologia,Una persona presenta señales como Disminución de la libido; fatiga persistente; pérdida de fuerza; disminución de masa muscular; recuperación lenta después del ejercicio; menor rendimiento físico; aumento de grasa abdominal; disminución de la motivación o vitalidad; erecciones matutinas menos frecuentes.. ¿Con cuál de las siguientes patologías se relacionan?,Vitalidad masculina y apoyo hormonal (Hipogonadismo / Deficiencia de testosterona*),Quistes ováricos funcionales,Endometriosis,Perimenopausia / Menopausia,1,APROBADA,P004,,,
PAT_00096,Patologias,Vitalidad masculina y apoyo hormonal (Hipogonadismo / Deficiencia de testosterona*),Nivel 1,Causas_Patologia,"Factores como Envejecimiento; estrés crónico; sedentarismo; sobrepeso u obesidad; déficit de zinc u otros nutrientes; mala alimentación; enfermedades metabólicas (diabetes, resistencia a la insulina); disminución fisiológica de testosterona asociada a la edad; hipogonadismo (diagnóstico médico). pueden estar relacionados con cuál de las siguientes patologías?",Insomnio,Varicocele (Apoyo a la salud vascular y reproductiva masculina),Vitalidad masculina y apoyo hormonal (Hipogonadismo / Deficiencia de testosterona*),Perimenopausia / Menopausia,3,APROBADA,P004,,,
PAT_00097,Patologias,Control glucémico (Diabetes mellitus tipo 2 / Prediabetes),Nivel 1,Patologia_Descripcion,¿Cuál de las siguientes descripciones corresponde a Control glucémico (Diabetes mellitus tipo 2 / Prediabetes)?,Alteración del metabolismo de la glucosa que ocasiona niveles elevados de azúcar en sangre o dificultad para mantenerlos dentro de rangos normales.,"Presencia de quistes benignos que se forman durante el ciclo menstrual y que, en la mayoría de los casos, desaparecen espontáneamente, aunque algunos pueden producir dolor o alteraciones menstruales.","Dolor localizado en la zona lumbar que puede relacionarse con músculos, columna o irritación del nervio ciático, pudiendo extenderse hacia glúteo o pierna.","Trastorno hormonal y metabólico caracterizado por alteraciones en la ovulación, exceso de andrógenos y, con frecuencia, resistencia a la insulina, que puede afectar la salud reproductiva, metabólica y cardiovascular de la mujer.",1,APROBADA,P005,,,
PAT_00098,Patologias,Control glucémico (Diabetes mellitus tipo 2 / Prediabetes),Nivel 1,Causas_Patologia,Factores como Resistencia a la insulina; predisposición genética; sobrepeso u obesidad; sedentarismo; alimentación rica en azúcares y carbohidratos refinados; síndrome metabólico; estrés crónico; envejecimiento. pueden estar relacionados con cuál de las siguientes patologías?,Perimenopausia / Menopausia,"Dolor muscular, contracturas y molestias musculoesqueléticas localizadas",Artrosis (desgaste articular / osteoartritis),Control glucémico (Diabetes mellitus tipo 2 / Prediabetes),4,APROBADA,P005,,,
PAT_00099,Patologias,Control glucémico (Diabetes mellitus tipo 2 / Prediabetes),Nivel 1,Sintomas_Patologia,Una persona presenta señales como Diagnóstico de diabetes o prediabetes; glucosa elevada; sed excesiva; aumento de la frecuencia urinaria; hambre constante; fatiga; visión borrosa; cicatrización lenta; hormigueo o adormecimiento en manos o pies; infecciones frecuentes; sobrepeso u obesidad abdominal.. ¿Con cuál de las siguientes patologías se relacionan?,Artrosis (desgaste articular / osteoartritis),Caída de cabello (Alopecia),Endometriosis,Control glucémico (Diabetes mellitus tipo 2 / Prediabetes),4,APROBADA,P005,,,
PAT_00102,Patologias,Perimenopausia / Menopausia,Nivel 1,Patologia_Descripcion,¿Cuál de las siguientes descripciones corresponde a Perimenopausia / Menopausia?,"Trastorno hormonal y metabólico caracterizado por alteraciones en la ovulación, exceso de andrógenos y, con frecuencia, resistencia a la insulina, que puede afectar la salud reproductiva, metabólica y cardiovascular de la mujer.","Dificultad para conciliar el sueño, permanecer dormido o lograr un descanso reparador, afectando el bienestar físico, mental y emocional.","Etapa de transición hormonal caracterizada por la disminución progresiva de estrógenos, que puede afectar la salud física, emocional, metabólica, ósea, urinaria y sexual de la mujer.","Alteraciones de la próstata que pueden afectar la micción, producir inflamación o molestias y, en algunos casos, asociarse con cambios en la función sexual.",3,APROBADA,P006,,,
PAT_00103,Patologias,Perimenopausia / Menopausia,Nivel 1,Causas_Patologia,Factores como Disminución fisiológica de estrógenos y progesterona; envejecimiento ovárico; factores genéticos; hábitos de vida; obesidad; estrés. pueden estar relacionados con cuál de las siguientes patologías?,Quistes ováricos funcionales,Apoyo a la salud reproductiva femenina y planificación del embarazo,Caída de cabello (Alopecia),Perimenopausia / Menopausia,4,APROBADA,P006,,,
PAT_00104,Patologias,Perimenopausia / Menopausia,Nivel 1,Sintomas_Patologia,Una persona presenta señales como Alteraciones menstruales; sofocos; sudoración nocturna; cambios del estado de ánimo; insomnio; disminución de la libido; resequedad vaginal; aumento de peso; caída del cabello; cambios en la piel; dolor articular; fatiga; infecciones urinarias recurrentes.. ¿Con cuál de las siguientes patologías se relacionan?,Perimenopausia / Menopausia,Artritis inflamatoria,Quistes ováricos funcionales,Vitalidad masculina y apoyo hormonal (Hipogonadismo / Deficiencia de testosterona*),1,APROBADA,P006,,,
PAT_00105,Patologias,Insomnio,Nivel 1,Patologia_Descripcion,¿Cuál de las siguientes descripciones corresponde a Insomnio?,"Dificultad para conciliar el sueño, permanecer dormido o lograr un descanso reparador, afectando el bienestar físico, mental y emocional.","Dolor localizado en la zona lumbar que puede relacionarse con músculos, columna o irritación del nervio ciático, pudiendo extenderse hacia glúteo o pierna.","Trastorno hormonal y metabólico caracterizado por alteraciones en la ovulación, exceso de andrógenos y, con frecuencia, resistencia a la insulina, que puede afectar la salud reproductiva, metabólica y cardiovascular de la mujer.",Pérdida de densidad o volumen del cabello; puede ser temporal o progresiva según la causa.,1,APROBADA,P007,,,
PAT_00106,Patologias,Insomnio,Nivel 1,Causas_Patologia,"Factores como Estrés; ansiedad; exceso de cortisol; cambios hormonales (perimenopausia/menopausia); malos hábitos de sueño; uso de pantallas antes de dormir; consumo excesivo de cafeína, alcohol o nicotina; dolor crónico; algunos medicamentos; trastornos emocionales; deficiencia de magnesio. pueden estar relacionados con cuál de las siguientes patologías?",Insomnio,Espolón calcáneo / dolor de talón (fascitis plantar asociada),Artrosis (desgaste articular / osteoartritis),Salud prostática / Molestias prostáticas,1,APROBADA,P007,,,
PAT_00108,Patologias,Insomnio,Nivel 1,Sintomas_Patologia,Una persona presenta señales como Dificultad para conciliar el sueño; despertares frecuentes; despertar muy temprano; sensación de sueño poco reparador; cansancio al despertar; somnolencia diurna; irritabilidad; dificultad para concentrarse; disminución del rendimiento físico o mental; fatiga.. ¿Con cuál de las siguientes patologías se relacionan?,Perimenopausia / Menopausia,Insomnio,Control glucémico (Diabetes mellitus tipo 2 / Prediabetes),Artritis inflamatoria,2,APROBADA,P007,,,
PAT_00110,Patologias,Varicocele (Apoyo a la salud vascular y reproductiva masculina),Nivel 1,Sintomas_Patologia,Una persona presenta señales como Diagnóstico médico de varicocele; sensación de pesadez o dolor en el escroto; molestias que aumentan al estar de pie o al realizar esfuerzo; disminución de la fertilidad; disminución de la vitalidad masculina; reducción de las erecciones matutinas; disminución de la libido (en algunos casos).. ¿Con cuál de las siguientes patologías se relacionan?,Caída de cabello (Alopecia),Osteoporosis,Apoyo a la salud reproductiva femenina y planificación del embarazo,Varicocele (Apoyo a la salud vascular y reproductiva masculina),4,APROBADA,P008,,,
PAT_00111,Patologias,Varicocele (Apoyo a la salud vascular y reproductiva masculina),Nivel 1,Patologia_Descripcion,¿Cuál de las siguientes descripciones corresponde a Varicocele (Apoyo a la salud vascular y reproductiva masculina)?,"Dolor localizado en la zona lumbar que puede relacionarse con músculos, columna o irritación del nervio ciático, pudiendo extenderse hacia glúteo o pierna.","Disminución de la energía, la fuerza, el deseo sexual o el rendimiento físico que puede estar relacionada con la edad, el estilo de vida, deficiencias nutricionales o alteraciones hormonales.","Etapa de transición hormonal caracterizada por la disminución progresiva de estrógenos, que puede afectar la salud física, emocional, metabólica, ósea, urinaria y sexual de la mujer.","Dilatación anormal de las venas del cordón espermático, generalmente en el lado izquierdo, que puede afectar la circulación testicular y, en algunos casos, la fertilidad, la producción de testosterona o generar molestias locales.",4,APROBADA,P008,,,
PAT_00112,Patologias,Varicocele (Apoyo a la salud vascular y reproductiva masculina),Nivel 1,Causas_Patologia,Factores como Insuficiencia de las válvulas venosas del cordón espermático; predisposición anatómica; aumento de la presión venosa; permanecer largos períodos de pie; esfuerzo físico intenso; factores hereditarios. pueden estar relacionados con cuál de las siguientes patologías?,Ciática / Lumbalgia,Fibromialgia,Espolón calcáneo / dolor de talón (fascitis plantar asociada),Varicocele (Apoyo a la salud vascular y reproductiva masculina),4,APROBADA,P008,,,
PAT_00113,Patologias,Bienestar íntimo femenino y función sexual,Nivel 1,Causas_Patologia,Factores como Disminución de estrógenos (perimenopausia/menopausia); estrés o ansiedad; alteraciones de la circulación; resequedad vaginal; alteración de la microbiota vaginal; diabetes; algunos medicamentos; enfermedades crónicas; fatiga o alteraciones del sueño. pueden estar relacionados con cuál de las siguientes patologías?,Fibromialgia,Varicocele (Apoyo a la salud vascular y reproductiva masculina),Síndrome de Ovario Poliquístico (SOP),Bienestar íntimo femenino y función sexual,4,APROBADA,P009,,,
PAT_00114,Patologias,Bienestar íntimo femenino y función sexual,Nivel 1,Sintomas_Patologia,Una persona presenta señales como Disminución de la libido; resequedad vaginal; disminución de la lubricación; molestias o dolor durante las relaciones sexuales; menor sensibilidad o excitación; dificultad para alcanzar el orgasmo; infecciones urinarias o vaginales recurrentes; disminución del bienestar íntimo.. ¿Con cuál de las siguientes patologías se relacionan?,Vitalidad masculina y apoyo hormonal (Hipogonadismo / Deficiencia de testosterona*),Espolón calcáneo / dolor de talón (fascitis plantar asociada),Síndrome de Ovario Poliquístico (SOP),Bienestar íntimo femenino y función sexual,4,APROBADA,P009,,,
PAT_00116,Patologias,Bienestar íntimo femenino y función sexual,Nivel 1,Patologia_Descripcion,¿Cuál de las siguientes descripciones corresponde a Bienestar íntimo femenino y función sexual?,"Disminución del deseo sexual o alteraciones del bienestar íntimo que pueden afectar la satisfacción durante las relaciones sexuales. Puede estar relacionada con factores hormonales, emocionales, circulatorios, metabólicos o alteraciones de la flora vaginal.","Dificultad para conciliar el sueño, permanecer dormido o lograr un descanso reparador, afectando el bienestar físico, mental y emocional.",Molestia localizada en la zona del talón que suele relacionarse con irritación de tejidos de soporte del pie y puede generar dolor al caminar o permanecer de pie.,"Condición en la que uno o varios factores nutricionales, hormonales, metabólicos, emocionales o de estilo de vida pueden disminuir las condiciones óptimas para la concepción. El sistema brinda apoyo nutricional y bienestar reproductivo como complemento y no reemplaza la valoración médica especializada.",1,APROBADA,P009,,,
PAT_00117,Patologias,Apoyo a la salud reproductiva femenina y planificación del embarazo,Nivel 1,Patologia_Descripcion,¿Cuál de las siguientes descripciones corresponde a Apoyo a la salud reproductiva femenina y planificación del embarazo?,"Disminución del deseo sexual o alteraciones del bienestar íntimo que pueden afectar la satisfacción durante las relaciones sexuales. Puede estar relacionada con factores hormonales, emocionales, circulatorios, metabólicos o alteraciones de la flora vaginal.","Condición en la que uno o varios factores nutricionales, hormonales, metabólicos, emocionales o de estilo de vida pueden disminuir las condiciones óptimas para la concepción. El sistema brinda apoyo nutricional y bienestar reproductivo como complemento y no reemplaza la valoración médica especializada.","Disminución de la energía, la fuerza, el deseo sexual o el rendimiento físico que puede estar relacionada con la edad, el estilo de vida, deficiencias nutricionales o alteraciones hormonales.","Enfermedad inflamatoria crónica en la que tejido similar al endometrio crece fuera del útero, ocasionando dolor pélvico, inflamación y, en algunas mujeres, dificultades para lograr el embarazo.",2,APROBADA,P010,,,
PAT_00118,Patologias,Apoyo a la salud reproductiva femenina y planificación del embarazo,Nivel 1,Sintomas_Patologia,Una persona presenta señales como Dificultad para lograr embarazo; planificación del embarazo; ciclos menstruales irregulares; antecedentes de infertilidad; fatiga o deficiencias nutricionales; diagnóstico de baja reserva ovárica o alteraciones ovulatorias; antecedentes de aborto temprano; deseo de optimizar el estado nutricional antes de la concepción.. ¿Con cuál de las siguientes patologías se relacionan?,Ciática / Lumbalgia,Perimenopausia / Menopausia,Artritis inflamatoria,Apoyo a la salud reproductiva femenina y planificación del embarazo,4,APROBADA,P010,,,
PAT_00119,Patologias,Apoyo a la salud reproductiva femenina y planificación del embarazo,Nivel 1,Causas_Patologia,"Factores como Déficit nutricional (ácido fólico, hierro, zinc, vitamina D); estrés crónico; disminución del flujo sanguíneo uterino; resistencia a la insulina o síndrome de ovario poliquístico; sobrepeso u obesidad; edad materna avanzada; hábitos de vida poco saludables; enfermedades ginecológicas o endocrinas. pueden estar relacionados con cuál de las siguientes patologías?",Quistes ováricos funcionales,Osteoporosis,Apoyo a la salud reproductiva femenina y planificación del embarazo,Ciática / Lumbalgia,3,APROBADA,P010,,,
PAT_00121,Patologias,Síndrome de Ovario Poliquístico (SOP),Nivel 1,Causas_Patologia,Factores como Predisposición genética; resistencia a la insulina; sobrepeso u obesidad; alteraciones hormonales; inflamación crónica de bajo grado; sedentarismo; factores ambientales. pueden estar relacionados con cuál de las siguientes patologías?,Salud prostática / Molestias prostáticas,Síndrome de Ovario Poliquístico (SOP),Bienestar íntimo femenino y función sexual,Ciática / Lumbalgia,2,APROBADA,P011,,,
PAT_00122,Patologias,Síndrome de Ovario Poliquístico (SOP),Nivel 1,Sintomas_Patologia,Una persona presenta señales como Menstruaciones irregulares o ausencia de menstruación; dificultad para quedar embarazada; acné; exceso de vello corporal o facial; caída del cabello; aumento de peso; resistencia a la insulina; ovarios con múltiples folículos en ecografía.. ¿Con cuál de las siguientes patologías se relacionan?,Síndrome de Ovario Poliquístico (SOP),Varicocele (Apoyo a la salud vascular y reproductiva masculina),"Dolor muscular, contracturas y molestias musculoesqueléticas localizadas",Fibromialgia,1,APROBADA,P011,,,
PAT_00123,Patologias,Síndrome de Ovario Poliquístico (SOP),Nivel 1,Patologia_Descripcion,¿Cuál de las siguientes descripciones corresponde a Síndrome de Ovario Poliquístico (SOP)?,"Disminución de la energía, la fuerza, el deseo sexual o el rendimiento físico que puede estar relacionada con la edad, el estilo de vida, deficiencias nutricionales o alteraciones hormonales.","Molestias relacionadas con tensión, sobrecarga o irritación de músculos y tejidos blandos, que pueden afectar cuello, espalda u otras zonas del cuerpo.","Trastorno hormonal y metabólico caracterizado por alteraciones en la ovulación, exceso de andrógenos y, con frecuencia, resistencia a la insulina, que puede afectar la salud reproductiva, metabólica y cardiovascular de la mujer.","Condición en la que existe inflamación dentro de una o varias articulaciones, causando dolor, rigidez y sensibilidad. Algunas formas pueden tener origen autoinmune y requieren seguimiento médico.",3,APROBADA,P011,,,
PAT_00124,Patologias,Síndrome de Ovario Poliquístico (SOP),Nivel 1,Descripcion_Patologia,"Una persona presenta la siguiente descripción: Trastorno hormonal y metabólico caracterizado por alteraciones en la ovulación, exceso de andrógenos y, con frecuencia, resistencia a la insulina, que puede afectar la salud reproductiva, metabólica y cardiovascular de la mujer. ¿A cuál de las siguientes patologías corresponde?",Ciática / Lumbalgia,Perimenopausia / Menopausia,Síndrome de Ovario Poliquístico (SOP),Artrosis (desgaste articular / osteoartritis),3,APROBADA,P011,,,
PAT_00125,Patologias,Quistes ováricos funcionales,Nivel 1,Sintomas_Patologia,Una persona presenta señales como Dolor pélvico unilateral; sensación de presión o pesadez en la pelvis; dolor durante las relaciones sexuales; alteraciones del ciclo menstrual; distensión abdominal; en muchos casos ausencia de síntomas.. ¿Con cuál de las siguientes patologías se relacionan?,Quistes ováricos funcionales,Artritis inflamatoria,"Dolor muscular, contracturas y molestias musculoesqueléticas localizadas",Varicocele (Apoyo a la salud vascular y reproductiva masculina),1,APROBADA,P012,,,
PAT_00126,Patologias,Quistes ováricos funcionales,Nivel 1,Patologia_Descripcion,¿Cuál de las siguientes descripciones corresponde a Quistes ováricos funcionales?,"Dolor localizado en la zona lumbar que puede relacionarse con músculos, columna o irritación del nervio ciático, pudiendo extenderse hacia glúteo o pierna.",Alteración del metabolismo de la glucosa que ocasiona niveles elevados de azúcar en sangre o dificultad para mantenerlos dentro de rangos normales.,"Presencia de quistes benignos que se forman durante el ciclo menstrual y que, en la mayoría de los casos, desaparecen espontáneamente, aunque algunos pueden producir dolor o alteraciones menstruales.","Dilatación anormal de las venas del cordón espermático, generalmente en el lado izquierdo, que puede afectar la circulación testicular y, en algunos casos, la fertilidad, la producción de testosterona o generar molestias locales.",3,APROBADA,P012,,,
PAT_00127,Patologias,Quistes ováricos funcionales,Nivel 1,Descripcion_Patologia,"Una persona presenta la siguiente descripción: Presencia de quistes benignos que se forman durante el ciclo menstrual y que, en la mayoría de los casos, desaparecen espontáneamente, aunque algunos pueden producir dolor o alteraciones menstruales. ¿A cuál de las siguientes patologías corresponde?",Caída de cabello (Alopecia),Quistes ováricos funcionales,Endometriosis,Disfunción sexual masculina / Dificultad para la erección,2,APROBADA,P012,,,
PAT_00128,Patologias,Quistes ováricos funcionales,Nivel 1,Causas_Patologia,Factores como Cambios normales del ciclo ovulatorio; alteraciones hormonales; algunos tratamientos de fertilidad; antecedentes de quistes ováricos. pueden estar relacionados con cuál de las siguientes patologías?,Apoyo a la salud reproductiva femenina y planificación del embarazo,Perimenopausia / Menopausia,Quistes ováricos funcionales,Espolón calcáneo / dolor de talón (fascitis plantar asociada),3,APROBADA,P012,,,
PAT_00129,Patologias,Endometriosis,Nivel 1,Patologia_Descripcion,¿Cuál de las siguientes descripciones corresponde a Endometriosis?,"Enfermedad en la que los huesos pierden densidad y resistencia, aumentando el riesgo de fracturas, especialmente en columna, cadera y muñeca. Puede avanzar silenciosamente durante años sin síntomas evidentes.","Dificultad para conciliar el sueño, permanecer dormido o lograr un descanso reparador, afectando el bienestar físico, mental y emocional.","Dolor localizado en la zona lumbar que puede relacionarse con músculos, columna o irritación del nervio ciático, pudiendo extenderse hacia glúteo o pierna.","Enfermedad inflamatoria crónica en la que tejido similar al endometrio crece fuera del útero, ocasionando dolor pélvico, inflamación y, en algunas mujeres, dificultades para lograr el embarazo.",4,APROBADA,P013,,,
PAT_00130,Patologias,Endometriosis,Nivel 1,Causas_Patologia,Factores como Predisposición genética; menstruación retrógrada; alteraciones inmunológicas; factores hormonales; inflamación crónica. pueden estar relacionados con cuál de las siguientes patologías?,Osteoporosis,Salud prostática / Molestias prostáticas,Endometriosis,Caída de cabello (Alopecia),3,APROBADA,P013,,,
PAT_00131,Patologias,Endometriosis,Nivel 1,Descripcion_Patologia,"Una persona presenta la siguiente descripción: Enfermedad inflamatoria crónica en la que tejido similar al endometrio crece fuera del útero, ocasionando dolor pélvico, inflamación y, en algunas mujeres, dificultades para lograr el embarazo. ¿A cuál de las siguientes patologías corresponde?",Vitalidad masculina y apoyo hormonal (Hipogonadismo / Deficiencia de testosterona*),Endometriosis,Bienestar íntimo femenino y función sexual,Espolón calcáneo / dolor de talón (fascitis plantar asociada),2,APROBADA,P013,,,
PAT_00132,Patologias,Endometriosis,Nivel 1,Sintomas_Patologia,Una persona presenta señales como Dolor menstrual intenso; dolor pélvico crónico; dolor durante las relaciones sexuales; sangrado menstrual abundante o prolongado; dolor al evacuar o al orinar durante la menstruación; infertilidad; fatiga.. ¿Con cuál de las siguientes patologías se relacionan?,Varicocele (Apoyo a la salud vascular y reproductiva masculina),Disfunción sexual masculina / Dificultad para la erección,Ciática / Lumbalgia,Endometriosis,4,APROBADA,P013,,,
PAT_00133,Patologias,Osteoporosis,Nivel 1,Sintomas_Patologia,Una persona presenta señales como Dolor de espalda frecuente; pérdida de estatura con los años; postura encorvada; fracturas ante golpes leves; debilidad muscular; disminución de fuerza; dificultad para mantener actividad física; antecedentes familiares de osteoporosis; menopausia o edad avanzada.. ¿Con cuál de las siguientes patologías se relacionan?,Osteoporosis,Insomnio,Artritis inflamatoria,Salud prostática / Molestias prostáticas,1,APROBADA,P014,,,
PAT_00134,Patologias,Osteoporosis,Nivel 1,Causas_Patologia,Factores como Envejecimiento; menopausia y disminución de estrógenos; bajo consumo de calcio y vitamina D; poca exposición solar; sedentarismo; bajo peso corporal; antecedentes familiares; tabaquismo/alcohol; uso prolongado de corticoides; alteraciones hormonales (tiroides/paratiroides). pueden estar relacionados con cuál de las siguientes patologías?,Osteoporosis,Síndrome de Ovario Poliquístico (SOP),Varicocele (Apoyo a la salud vascular y reproductiva masculina),Vitalidad masculina y apoyo hormonal (Hipogonadismo / Deficiencia de testosterona*),1,APROBADA,P014,,,
PAT_00135,Patologias,Osteoporosis,Nivel 1,Patologia_Descripcion,¿Cuál de las siguientes descripciones corresponde a Osteoporosis?,"Trastorno hormonal y metabólico caracterizado por alteraciones en la ovulación, exceso de andrógenos y, con frecuencia, resistencia a la insulina, que puede afectar la salud reproductiva, metabólica y cardiovascular de la mujer.","Enfermedad degenerativa de las articulaciones en la que el cartílago que protege los huesos se deteriora progresivamente, generando dolor, rigidez y pérdida de movilidad.","Enfermedad en la que los huesos pierden densidad y resistencia, aumentando el riesgo de fracturas, especialmente en columna, cadera y muñeca. Puede avanzar silenciosamente durante años sin síntomas evidentes.","Condición en la que existe inflamación dentro de una o varias articulaciones, causando dolor, rigidez y sensibilidad. Algunas formas pueden tener origen autoinmune y requieren seguimiento médico.",3,APROBADA,P014,,,
PAT_00136,Patologias,Osteoporosis,Nivel 1,Descripcion_Patologia,"Una persona presenta la siguiente descripción: Enfermedad en la que los huesos pierden densidad y resistencia, aumentando el riesgo de fracturas, especialmente en columna, cadera y muñeca. Puede avanzar silenciosamente durante años sin síntomas evidentes. ¿A cuál de las siguientes patologías corresponde?",Varicocele (Apoyo a la salud vascular y reproductiva masculina),Disfunción sexual masculina / Dificultad para la erección,Osteoporosis,Espolón calcáneo / dolor de talón (fascitis plantar asociada),3,APROBADA,P014,,,
PAT_00137,Patologias,Artrosis (desgaste articular / osteoartritis),Nivel 1,Causas_Patologia,Factores como Envejecimiento; desgaste progresivo de la articulación; sobrepeso; lesiones articulares previas; movimientos repetitivos; sobrecarga mecánica; factores hereditarios. pueden estar relacionados con cuál de las siguientes patologías?,Control glucémico (Diabetes mellitus tipo 2 / Prediabetes),Espolón calcáneo / dolor de talón (fascitis plantar asociada),Insomnio,Artrosis (desgaste articular / osteoartritis),4,APROBADA,P015,,,
PAT_00138,Patologias,Artrosis (desgaste articular / osteoartritis),Nivel 1,Descripcion_Patologia,"Una persona presenta la siguiente descripción: Enfermedad degenerativa de las articulaciones en la que el cartílago que protege los huesos se deteriora progresivamente, generando dolor, rigidez y pérdida de movilidad. ¿A cuál de las siguientes patologías corresponde?",Bienestar íntimo femenino y función sexual,Artrosis (desgaste articular / osteoartritis),Apoyo a la salud reproductiva femenina y planificación del embarazo,Disfunción sexual masculina / Dificultad para la erección,2,APROBADA,P015,,,
PAT_00139,Patologias,Artrosis (desgaste articular / osteoartritis),Nivel 1,Patologia_Descripcion,¿Cuál de las siguientes descripciones corresponde a Artrosis (desgaste articular / osteoartritis)?,"Disminución del deseo sexual o alteraciones del bienestar íntimo que pueden afectar la satisfacción durante las relaciones sexuales. Puede estar relacionada con factores hormonales, emocionales, circulatorios, metabólicos o alteraciones de la flora vaginal.","Trastorno hormonal y metabólico caracterizado por alteraciones en la ovulación, exceso de andrógenos y, con frecuencia, resistencia a la insulina, que puede afectar la salud reproductiva, metabólica y cardiovascular de la mujer.","Enfermedad degenerativa de las articulaciones en la que el cartílago que protege los huesos se deteriora progresivamente, generando dolor, rigidez y pérdida de movilidad.","Dificultad persistente para lograr o mantener una erección suficiente para una relación sexual satisfactoria. Puede estar relacionada con factores físicos, hormonales, circulatorios, prostáticos o emocionales.",3,APROBADA,P015,,,
PAT_00140,Patologias,Artrosis (desgaste articular / osteoartritis),Nivel 1,Sintomas_Patologia,"Una persona presenta señales como Dolor en rodillas, cadera, manos o columna; rigidez después del reposo; dificultad para movilizar la articulación; crujidos o sensación de roce; disminución de movilidad; molestias que aumentan con el uso de la articulación.. ¿Con cuál de las siguientes patologías se relacionan?",Espolón calcáneo / dolor de talón (fascitis plantar asociada),Artritis inflamatoria,Salud prostática / Molestias prostáticas,Artrosis (desgaste articular / osteoartritis),4,APROBADA,P015,,,
PAT_00141,Patologias,Artritis inflamatoria,Nivel 1,Sintomas_Patologia,Una persona presenta señales como Dolor articular; inflamación visible; articulaciones calientes o sensibles; rigidez prolongada especialmente al despertar; dificultad para mover la articulación; fatiga asociada; molestias en varias articulaciones.. ¿Con cuál de las siguientes patologías se relacionan?,Artritis inflamatoria,Apoyo a la salud reproductiva femenina y planificación del embarazo,Insomnio,Control glucémico (Diabetes mellitus tipo 2 / Prediabetes),1,APROBADA,P016,,,
PAT_00142,Patologias,Artritis inflamatoria,Nivel 1,Causas_Patologia,Factores como Alteraciones del sistema inmunológico; predisposición genética; procesos inflamatorios crónicos; infecciones previas en algunos casos; factores ambientales. pueden estar relacionados con cuál de las siguientes patologías?,Bienestar íntimo femenino y función sexual,"Dolor muscular, contracturas y molestias musculoesqueléticas localizadas",Artritis inflamatoria,Síndrome de Ovario Poliquístico (SOP),3,APROBADA,P016,,,
PAT_00143,Patologias,Artritis inflamatoria,Nivel 1,Patologia_Descripcion,¿Cuál de las siguientes descripciones corresponde a Artritis inflamatoria?,"Enfermedad en la que los huesos pierden densidad y resistencia, aumentando el riesgo de fracturas, especialmente en columna, cadera y muñeca. Puede avanzar silenciosamente durante años sin síntomas evidentes.","Condición en la que existe inflamación dentro de una o varias articulaciones, causando dolor, rigidez y sensibilidad. Algunas formas pueden tener origen autoinmune y requieren seguimiento médico.","Dolor localizado en la zona lumbar que puede relacionarse con músculos, columna o irritación del nervio ciático, pudiendo extenderse hacia glúteo o pierna.","Trastorno hormonal y metabólico caracterizado por alteraciones en la ovulación, exceso de andrógenos y, con frecuencia, resistencia a la insulina, que puede afectar la salud reproductiva, metabólica y cardiovascular de la mujer.",2,APROBADA,P016,,,
PAT_00144,Patologias,Artritis inflamatoria,Nivel 1,Descripcion_Patologia,"Una persona presenta la siguiente descripción: Condición en la que existe inflamación dentro de una o varias articulaciones, causando dolor, rigidez y sensibilidad. Algunas formas pueden tener origen autoinmune y requieren seguimiento médico. ¿A cuál de las siguientes patologías corresponde?",Artritis inflamatoria,Fibromialgia,Artrosis (desgaste articular / osteoartritis),Apoyo a la salud reproductiva femenina y planificación del embarazo,1,APROBADA,P016,,,
PAT_00145,Patologias,Ciática / Lumbalgia,Nivel 1,Patologia_Descripcion,¿Cuál de las siguientes descripciones corresponde a Ciática / Lumbalgia?,"Enfermedad degenerativa de las articulaciones en la que el cartílago que protege los huesos se deteriora progresivamente, generando dolor, rigidez y pérdida de movilidad.","Dolor localizado en la zona lumbar que puede relacionarse con músculos, columna o irritación del nervio ciático, pudiendo extenderse hacia glúteo o pierna.","Condición en la que uno o varios factores nutricionales, hormonales, metabólicos, emocionales o de estilo de vida pueden disminuir las condiciones óptimas para la concepción. El sistema brinda apoyo nutricional y bienestar reproductivo como complemento y no reemplaza la valoración médica especializada.","Enfermedad en la que los huesos pierden densidad y resistencia, aumentando el riesgo de fracturas, especialmente en columna, cadera y muñeca. Puede avanzar silenciosamente durante años sin síntomas evidentes.",2,APROBADA,P017,,,
PAT_00146,Patologias,Ciática / Lumbalgia,Nivel 1,Descripcion_Patologia,"Una persona presenta la siguiente descripción: Dolor localizado en la zona lumbar que puede relacionarse con músculos, columna o irritación del nervio ciático, pudiendo extenderse hacia glúteo o pierna. ¿A cuál de las siguientes patologías corresponde?",Fibromialgia,Apoyo a la salud reproductiva femenina y planificación del embarazo,Ciática / Lumbalgia,Control glucémico (Diabetes mellitus tipo 2 / Prediabetes),3,APROBADA,P017,,,
PAT_00147,Patologias,Ciática / Lumbalgia,Nivel 1,Sintomas_Patologia,Una persona presenta señales como Dolor lumbar; dolor que baja hacia glúteo o pierna; sensación de tirón; rigidez de espalda; dificultad para moverse; molestias después de permanecer mucho tiempo sentado o de pie.. ¿Con cuál de las siguientes patologías se relacionan?,Disfunción sexual masculina / Dificultad para la erección,Ciática / Lumbalgia,Síndrome de Ovario Poliquístico (SOP),Bienestar íntimo femenino y función sexual,2,APROBADA,P017,,,
PAT_00148,Patologias,Ciática / Lumbalgia,Nivel 1,Causas_Patologia,Factores como Sobrecarga física; malas posturas; esfuerzo repetitivo; alteraciones de columna; tensión muscular; sedentarismo; lesiones. pueden estar relacionados con cuál de las siguientes patologías?,Bienestar íntimo femenino y función sexual,Control glucémico (Diabetes mellitus tipo 2 / Prediabetes),Espolón calcáneo / dolor de talón (fascitis plantar asociada),Ciática / Lumbalgia,4,APROBADA,P017,,,
PAT_00149,Patologias,"Dolor muscular, contracturas y molestias musculoesqueléticas localizadas",Nivel 1,Causas_Patologia,Factores como Esfuerzo físico; malas posturas; estrés; tensión muscular; ejercicio intenso; movimientos repetitivos; golpes o sobrecarga. pueden estar relacionados con cuál de las siguientes patologías?,Caída de cabello (Alopecia),"Dolor muscular, contracturas y molestias musculoesqueléticas localizadas",Endometriosis,Vitalidad masculina y apoyo hormonal (Hipogonadismo / Deficiencia de testosterona*),2,APROBADA,P018,,,
PAT_00150,Patologias,"Dolor muscular, contracturas y molestias musculoesqueléticas localizadas",Nivel 1,Patologia_Descripcion,"¿Cuál de las siguientes descripciones corresponde a Dolor muscular, contracturas y molestias musculoesqueléticas localizadas?","Condición en la que existe inflamación dentro de una o varias articulaciones, causando dolor, rigidez y sensibilidad. Algunas formas pueden tener origen autoinmune y requieren seguimiento médico.","Molestias relacionadas con tensión, sobrecarga o irritación de músculos y tejidos blandos, que pueden afectar cuello, espalda u otras zonas del cuerpo.",Alteración del metabolismo de la glucosa que ocasiona niveles elevados de azúcar en sangre o dificultad para mantenerlos dentro de rangos normales.,"Dificultad para conciliar el sueño, permanecer dormido o lograr un descanso reparador, afectando el bienestar físico, mental y emocional.",2,APROBADA,P018,,,
PAT_00151,Patologias,"Dolor muscular, contracturas y molestias musculoesqueléticas localizadas",Nivel 1,Descripcion_Patologia,"Una persona presenta la siguiente descripción: Molestias relacionadas con tensión, sobrecarga o irritación de músculos y tejidos blandos, que pueden afectar cuello, espalda u otras zonas del cuerpo. ¿A cuál de las siguientes patologías corresponde?",Salud prostática / Molestias prostáticas,"Dolor muscular, contracturas y molestias musculoesqueléticas localizadas",Bienestar íntimo femenino y función sexual,Quistes ováricos funcionales,2,APROBADA,P018,,,
PAT_00152,Patologias,"Dolor muscular, contracturas y molestias musculoesqueléticas localizadas",Nivel 1,Sintomas_Patologia,Una persona presenta señales como Dolor localizado; sensación de tensión o contractura; rigidez muscular; molestias al mover la zona; cuello o espalda cargados; sensación de cansancio muscular.. ¿Con cuál de las siguientes patologías se relacionan?,Bienestar íntimo femenino y función sexual,Síndrome de Ovario Poliquístico (SOP),Control glucémico (Diabetes mellitus tipo 2 / Prediabetes),"Dolor muscular, contracturas y molestias musculoesqueléticas localizadas",4,APROBADA,P018,,,
PAT_00153,Patologias,Fibromialgia,Nivel 1,Causas_Patologia,Factores como Alteraciones en la percepción del dolor; factores neurológicos; estrés prolongado; alteraciones del sueño; predisposición individual. pueden estar relacionados con cuál de las siguientes patologías?,Disfunción sexual masculina / Dificultad para la erección,Espolón calcáneo / dolor de talón (fascitis plantar asociada),Fibromialgia,Artritis inflamatoria,3,APROBADA,P019,,,
PAT_00154,Patologias,Fibromialgia,Nivel 1,Descripcion_Patologia,"Una persona presenta la siguiente descripción: Síndrome caracterizado por dolor musculoesquelético generalizado, acompañado frecuentemente de fatiga, alteraciones del sueño y mayor sensibilidad al dolor. ¿A cuál de las siguientes patologías corresponde?",Fibromialgia,Bienestar íntimo femenino y función sexual,Caída de cabello (Alopecia),Perimenopausia / Menopausia,1,APROBADA,P019,,,
PAT_00155,Patologias,Fibromialgia,Nivel 1,Sintomas_Patologia,Una persona presenta señales como Dolor generalizado en diferentes zonas del cuerpo; cansancio frecuente; sueño no reparador; rigidez; sensibilidad aumentada; dificultad para concentrarse; molestias musculares persistentes.. ¿Con cuál de las siguientes patologías se relacionan?,Endometriosis,Fibromialgia,Bienestar íntimo femenino y función sexual,Perimenopausia / Menopausia,2,APROBADA,P019,,,
PAT_00156,Patologias,Fibromialgia,Nivel 1,Patologia_Descripcion,¿Cuál de las siguientes descripciones corresponde a Fibromialgia?,"Enfermedad en la que los huesos pierden densidad y resistencia, aumentando el riesgo de fracturas, especialmente en columna, cadera y muñeca. Puede avanzar silenciosamente durante años sin síntomas evidentes.","Síndrome caracterizado por dolor musculoesquelético generalizado, acompañado frecuentemente de fatiga, alteraciones del sueño y mayor sensibilidad al dolor.","Dilatación anormal de las venas del cordón espermático, generalmente en el lado izquierdo, que puede afectar la circulación testicular y, en algunos casos, la fertilidad, la producción de testosterona o generar molestias locales.","Condición en la que uno o varios factores nutricionales, hormonales, metabólicos, emocionales o de estilo de vida pueden disminuir las condiciones óptimas para la concepción. El sistema brinda apoyo nutricional y bienestar reproductivo como complemento y no reemplaza la valoración médica especializada.",2,APROBADA,P019,,,
PAT_00157,Patologias,Espolón calcáneo / dolor de talón (fascitis plantar asociada),Nivel 1,Descripcion_Patologia,Una persona presenta la siguiente descripción: Molestia localizada en la zona del talón que suele relacionarse con irritación de tejidos de soporte del pie y puede generar dolor al caminar o permanecer de pie. ¿A cuál de las siguientes patologías corresponde?,Disfunción sexual masculina / Dificultad para la erección,Espolón calcáneo / dolor de talón (fascitis plantar asociada),Salud prostática / Molestias prostáticas,Perimenopausia / Menopausia,2,APROBADA,P020,,,
PAT_00158,Patologias,Espolón calcáneo / dolor de talón (fascitis plantar asociada),Nivel 1,Causas_Patologia,Factores como Sobrecarga del pie; aumento de peso; estar mucho tiempo de pie; actividad física intensa; calzado inadecuado; alteraciones de apoyo plantar; envejecimiento. pueden estar relacionados con cuál de las siguientes patologías?,Espolón calcáneo / dolor de talón (fascitis plantar asociada),Endometriosis,Caída de cabello (Alopecia),Insomnio,1,APROBADA,P020,,,
PAT_00159,Patologias,Espolón calcáneo / dolor de talón (fascitis plantar asociada),Nivel 1,Sintomas_Patologia,Una persona presenta señales como Dolor en el talón al dar los primeros pasos; dolor después de periodos de descanso; sensibilidad al apoyar; molestia al caminar; rigidez en la planta del pie.. ¿Con cuál de las siguientes patologías se relacionan?,Vitalidad masculina y apoyo hormonal (Hipogonadismo / Deficiencia de testosterona*),Perimenopausia / Menopausia,Ciática / Lumbalgia,Espolón calcáneo / dolor de talón (fascitis plantar asociada),4,APROBADA,P020,,,
PAT_00160,Patologias,Espolón calcáneo / dolor de talón (fascitis plantar asociada),Nivel 1,Patologia_Descripcion,¿Cuál de las siguientes descripciones corresponde a Espolón calcáneo / dolor de talón (fascitis plantar asociada)?,"Trastorno hormonal y metabólico caracterizado por alteraciones en la ovulación, exceso de andrógenos y, con frecuencia, resistencia a la insulina, que puede afectar la salud reproductiva, metabólica y cardiovascular de la mujer.","Enfermedad en la que los huesos pierden densidad y resistencia, aumentando el riesgo de fracturas, especialmente en columna, cadera y muñeca. Puede avanzar silenciosamente durante años sin síntomas evidentes.",Molestia localizada en la zona del talón que suele relacionarse con irritación de tejidos de soporte del pie y puede generar dolor al caminar o permanecer de pie.,"Dificultad persistente para lograr o mantener una erección suficiente para una relación sexual satisfactoria. Puede estar relacionada con factores físicos, hormonales, circulatorios, prostáticos o emocionales.",3,APROBADA,P020,,,
RES_00001,Restricciones,LP-DIG MAX x 31 GR,Nivel 1,Producto_Motivo,"Para el producto LP-DIG MAX x 31 GR, ¿cuál de las siguientes afirmaciones corresponde al motivo de la restricción?",Al ser un producto en polvo/multivitamínico puede contener componentes que deben revisarse según la formulación y el control nutricional del usuario.,La disminución de la función renal puede favorecer la acumulación de magnesio.,Su efecto purgante puede agravar estas condiciones.,El producto puede contener componentes derivados de fuentes marinas.,3,APROBADA,X001,,,
RES_00002,Restricciones,FITO HERBALAX x 60 CAP,Nivel 1,Producto_Motivo,"Para el producto FITO HERBALAX x 60 CAP, ¿cuál de las siguientes afirmaciones corresponde al motivo de la restricción?",Los laxantes estimulantes pueden irritar el colon y agravar estas condiciones.,La curcumina puede potenciar el riesgo de sangrado y estimular la contracción de la vesícula biliar.,El resveratrol puede presentar efecto modulador sobre la agregación plaquetaria y requiere precaución en personas con riesgo de sangrado.,El uso tópico sobre piel lesionada o en personas alérgicas puede producir irritación local.,1,APROBADA,X002,,,
RES_00003,Restricciones,OREGANO OIL x 150 SOFTGELS,Nivel 1,Producto_Motivo,"Para el producto OREGANO OIL x 150 SOFTGELS, ¿cuál de las siguientes afirmaciones corresponde al motivo de la restricción?","Puede estimular la función tiroidea, modular la respuesta inmunitaria y potenciar el efecto sedante de algunos medicamentos.","La L-arginina aumenta la producción de óxido nítrico, puede favorecer la reactivación del herpes y no cuenta con suficiente evidencia de seguridad durante el embarazo y la lactancia.",Sus aceites esenciales pueden irritar la mucosa gastrointestinal.,Puede aumentar el riesgo de sangrado y estimular la contracción de la vesícula biliar.,3,APROBADA,X003,,,
RES_00004,Restricciones,FITO PROSTENFIT x 60 CAP,Nivel 1,Producto_Motivo,"Para el producto FITO PROSTENFIT x 60 CAP, ¿cuál de las siguientes afirmaciones corresponde al motivo de la restricción?",El Saw Palmetto puede tener un leve efecto antiagregante plaquetario.,Contiene colágeno de origen marino.,El riñón participa en la eliminación del magnesio; puede acumularse cuando existe deterioro renal importante.,La L-Arginina favorece la vasodilatación y puede potenciar la disminución de la presión arterial.,1,APROBADA,X004,,,
RES_00005,Restricciones,FITO L-ARGININA + ZINC + MAGNESIO,Nivel 1,Producto_Motivo,"Para el producto FITO L-ARGININA + ZINC + MAGNESIO, ¿cuál de las siguientes afirmaciones corresponde al motivo de la restricción?",Puede prolongar el tiempo de sangrado y provocar reacciones en personas alérgicas al pescado.,"Puede estimular la función tiroidea, modular la respuesta inmunitaria y potenciar el efecto sedante de algunos medicamentos.",La suplementación con calcio debe individualizarse cuando existen alteraciones en eliminación renal o manejo del calcio.,La L-Arginina favorece la vasodilatación y puede potenciar la disminución de la presión arterial.,4,APROBADA,X005,,,
RES_00006,Restricciones,FITO OMEGA 3,Nivel 2,Producto_Motivo,Considere el producto FITO OMEGA 3. Seleccione las DOS afirmaciones que corresponden a información registrada para sus restricciones.,El motivo registrado es: Los laxantes estimulantes pueden irritar el colon y agravar estas condiciones..,El motivo registrado es: La coenzima Q10 puede interferir con el efecto anticoagulante de algunos medicamentos..,El motivo indicado es: Producto de origen marino..,Otro motivo registrado para este producto es: Puede incrementar el riesgo de sangrado..,"3,4",APROBADA,X007,,,
RES_00007,Restricciones,FITO OMEGA 3,Nivel 2,Producto_Motivo,Considere el producto FITO OMEGA 3. Seleccione las DOS afirmaciones que corresponden a información registrada para sus restricciones.,El motivo indicado es: Puede incrementar el riesgo de sangrado..,Otro motivo registrado para este producto es: Producto de origen marino..,El motivo registrado es: La disminución de la función renal puede favorecer la acumulación de magnesio..,El motivo registrado es: La suplementación debe individualizarse en personas con alteración renal..,"1,2",APROBADA,X008,,,
RES_00008,Restricciones,FITO COLÁGENO MARINO PLUS,Nivel 2,Producto_Motivo,Considere el producto FITO COLÁGENO MARINO PLUS. Seleccione las DOS afirmaciones que corresponden a información registrada para sus restricciones.,El motivo indicado es: Contiene colágeno de origen marino..,El motivo registrado es: Puede incrementar el riesgo de sangrado..,El motivo registrado es: La L-Arginina favorece la vasodilatación y puede potenciar la disminución de la presión arterial..,Otro motivo registrado para este producto es: Contiene colágeno de origen marino..,"1,4",RECHAZADA,X009,,,
RES_00009,Restricciones,OSHECAL,Nivel 2,Producto_Motivo,Considere el producto OSHECAL. Seleccione las DOS afirmaciones que corresponden a información registrada para sus restricciones.,"El motivo registrado es: La valeriana puede potenciar el efecto sedante de otros medicamentos o sustancias depresoras del sistema nervioso central, aumentando la somnolencia..",El motivo registrado es: La vitamina E en dosis suplementarias puede aumentar el riesgo de sangrado en personas con medicamentos que afectan la coagulación..,Otro motivo registrado para este producto es: La suplementación con calcio debe individualizarse cuando existen alteraciones en eliminación renal o manejo del calcio..,El motivo indicado es: Al ser un producto en polvo/multivitamínico puede contener componentes que deben revisarse según la formulación y el control nutricional del usuario..,"3,4",APROBADA,X019,,,
RES_00010,Restricciones,OSHECAL,Nivel 2,Producto_Motivo,Considere el producto OSHECAL. Seleccione las DOS afirmaciones que corresponden a información registrada para sus restricciones.,El motivo registrado es: Su aporte elevado de calorías puede favorecer aumento de peso no deseado si no existe demanda energética o entrenamiento..,El motivo registrado es: Es un producto orientado al control de peso y no debe utilizarse en personas donde la pérdida de peso no sea apropiada..,Otro motivo registrado para este producto es: Al ser un producto en polvo/multivitamínico puede contener componentes que deben revisarse según la formulación y el control nutricional del usuario..,El motivo indicado es: La suplementación con calcio debe individualizarse cuando existen alteraciones en eliminación renal o manejo del calcio..,"3,4",RECHAZADA,X020,,,
RES_00011,Restricciones,CLORURO DE MAGNESIO,Nivel 1,Producto_Restriccion,"En el producto CLORURO DE MAGNESIO, la situación indicada es: Precaución. ¿Cuál es la característica registrada para esta situación?",Menores de edad; embarazo; lactancia; obstrucción intestinal; colon irritable activo,Gastritis erosiva o úlcera péptica activa,Enfermedad renal conocida o sin evaluación cuando existen factores de riesgo,Insuficiencia renal moderada o severa; hipermagnesemia diagnosticada.,4,RECHAZADA,X043,,,
RES_00012,Restricciones,FITO VALERIANA,Nivel 1,Producto_Restriccion,"En el producto FITO VALERIANA, la situación indicada es: Contraindicación / Precaución. ¿Cuál es la característica registrada para esta situación?",Precaución,Embarazo; hipertiroidismo no controlado; enfermedades autoinmunes tratadas con inmunomoduladores; uso concomitante de sedantes.,"Menores de 12 años; embarazo; lactancia; hipersensibilidad a alguno de sus componentes. Usar con precaución en personas que consumen medicamentos sedantes, ansiolíticos, hipnóticos o alcohol. Evitar conducir u operar maquinaria después de su consumo.","Hipercalcemia, enfermedad renal avanzada o antecedentes de alteraciones importantes del metabolismo del calcio",3,APROBADA,X018,,,
RES_00013,Restricciones,FITO COLÁGENO MARINO PLUS,Nivel 1,Producto_Restriccion,"En el producto FITO COLÁGENO MARINO PLUS, la situación indicada es: Contraindicación. ¿Cuál es la característica registrada para esta situación?",Alergia al pescado o mariscos,Menores de 12 años sin indicación médica; embarazo; lactancia; hipersensibilidad a alguno de sus componentes. Usar con precaución en personas que reciben medicamentos sedantes o que deben realizar actividades que requieran estado de alerta inmediatamente después de su consumo.,"Menores de 12 años; embarazo; lactancia; hipersensibilidad a alguno de sus componentes. Usar con precaución en personas que consumen medicamentos sedantes, ansiolíticos, hipnóticos o alcohol. Evitar conducir u operar maquinaria después de su consumo.",Uso de anticoagulantes o antiagregantes; cirugía programada; obstrucción o cálculos biliares.,1,APROBADA,X009,,,
RES_00014,Restricciones,CLORURO DE MAGNESIO,Nivel 2,Producto_Restriccion_Motivo,"En relación con el producto CLORURO DE MAGNESIO, considere la situación Precaución. Seleccione las DOS afirmaciones que corresponden a la información registrada.",La característica registrada es: Enfermedad renal avanzada.,El motivo registrado es: Los ácidos grasos omega 3 pueden aumentar el efecto antiagregante en personas con tratamientos que afectan la coagulación..,La característica registrada es: Insuficiencia renal moderada o severa; hipermagnesemia diagnosticada..,El motivo registrado es: La disminución de la función renal puede favorecer la acumulación de magnesio..,"3,4",RECHAZADA,X043,,,
RES_00015,Restricciones,FITO VALERIANA,Nivel 2,Producto_Restriccion_Motivo,"En relación con el producto FITO VALERIANA, considere la situación Contraindicación / Precaución. Seleccione las DOS afirmaciones que corresponden a la información registrada.",El motivo registrado es: Su efecto purgante puede agravar estas condiciones..,"La característica registrada es: Uso de anticoagulantes, antiagregantes o cirugía próxima.","La característica registrada es: Menores de 12 años; embarazo; lactancia; hipersensibilidad a alguno de sus componentes. Usar con precaución en personas que consumen medicamentos sedantes, ansiolíticos, hipnóticos o alcohol. Evitar conducir u operar maquinaria después de su consumo..","El motivo registrado es: La valeriana puede potenciar el efecto sedante de otros medicamentos o sustancias depresoras del sistema nervioso central, aumentando la somnolencia..","3,4",APROBADA,X018,,,
PROD_00001,Productos,OREGANO OIL x 150 SOFTGELS,Nivel 1,Producto_AccionGeneral,Considere el producto OREGANO OIL x 150 SOFTGELS. ¿Cuál de las siguientes acciones generales corresponde a este producto según la matriz?,MODO DE ACCIÓN: acción antifúngica y antibacteriana potente al alterar membrana celular de hongos y bacterias,Artrifit (dolor reumático),Gel de Caléndula (apoyo tópico en piel irritada),Apoyo en regulación emocional en personas hipersensibles,1,RECHAZADA,oregano oil x 150 softgels||modo de acción: acción antifúngica y antibacteriana potente al alterar membrana celular de hongos y bacterias,,,
PROD_00002,Productos,FITO GEL DE CALENDULA x 300 GR,Nivel 1,Producto_AccionGeneral,Considere el producto FITO GEL DE CALENDULA x 300 GR. ¿Cuál de las siguientes acciones generales corresponde a este producto según la matriz?,Apoyo en expulsión de flema ligera,"flor de jamaica con apoyo diurético suave y antioxidante, útil en retención de líquidos. Puede apoyar digestión y sensación de pesadez. COMBINACIONES: Dunplus (pérdida de peso/metabolismo)",yantén como calmante tradicional. Gel frío con efecto refrescante que disminuye sensación de ardor e inflamación. Apoyo en regeneración cutánea en quemaduras leves y lesiones superficiales (coadyuvante). COMBINACIONES: Castaño de Indias cápsulas (circulación interna + externa),Cloruro de Magnesio (apoyo muscular),3,RECHAZADA,fito gel de calendula x 300 gr||yantén como calmante tradicional. gel frío con efecto refrescante que disminuye sensación de ardor e inflamación. apoyo en regeneración cutánea en quemaduras leves y lesiones superficiales (coadyuvante). combinaciones: castaño de indias cápsulas (circulación interna + externa),,,
PROD_00003,Productos,FITO ARTRIFIT x 60 CAP,Nivel 1,Producto_AccionGeneral,Considere el producto FITO ARTRIFIT x 60 CAP. ¿Cuál de las siguientes acciones generales corresponde a este producto según la matriz?,Magnesio (sistema nervioso),Mejora rigidez y movilidad,Zinc adicional (defensas). FRASE DE VENTA: 'Ayuda a descongestionar y reforzar defensas en gripa con mocos.',apoyo en oxigenación cerebral,2,RECHAZADA,fito artrifit x 60 cap||mejora rigidez y movilidad,,,
PROD_00004,Productos,FITO OMEGA 3 x 100 PERLAS,Nivel 1,Producto_AccionGeneral,Considere el producto FITO OMEGA 3 x 100 PERLAS. ¿Cuál de las siguientes acciones generales corresponde a este producto según la matriz?,apoyo antioxidante,"Biotina (cabello si hay déficit). FRASE DE VENTA: 'Detox verde completo: limpia, nutre, energiza y fortalece defensas.'",Vitamina E cosmética (piel seca). FRASE DE VENTA: 'Calma y regenera tu piel de forma natural.',Colágeno Marino (articulaciones/piel),4,RECHAZADA,fito omega 3 x 100 perlas||colágeno marino (articulaciones/piel),,,
PROD_00005,Productos,FITO GINKGO BILOBA x 100 CAP,Nivel 1,Producto_AccionGeneral,Considere el producto FITO GINKGO BILOBA x 100 CAP. ¿Cuál de las siguientes acciones generales corresponde a este producto según la matriz?,apoyo indirecto en dolor articular leve asociado a componente circulatorio. COMBINACIONES: Breinap (memoria + energía mental),Nutrición de fibra capilar y piel,"apoyo en piel (regulación de inflamación y sebo, acné)",Apoyo en conciliación del sueño cuando hay nerviosismo,1,RECHAZADA,fito ginkgo biloba x 100 cap||apoyo indirecto en dolor articular leve asociado a componente circulatorio. combinaciones: breinap (memoria + energía mental),,,
PTAG-000002,Producto,Acción General,Nivel 2,Producto-Acción General,¿Cuáles de las siguientes acciones generales corresponden al producto FITO CALENDULA FITO X 100 CAP? Seleccione las dos opciones correctas.,Hidratación profunda,perimenopausia/menopausia y defensas bajas,Apoyo en inflamación de mucosa oral (encías),Apoyo en procesos inflamatorios de piel (coadyuvante),3;4,APROBADA,PTAG-F000036;PTAG-F000394;PTAG-F000121;PTAG-F000120,,,
PTCA-000001,Producto,Componente - Acción,Nivel 1,Producto-Componente-Acción,"En el producto FITO ACEITE ARGAN MASAJES x 240 ML, ¿cuál de las siguientes acciones corresponde específicamente al componente Aceite de argán?",Estimula respuesta inmunológica,"disminuye hiperalerta y tensión, facilitando conciliación del sueño y reduciendo ansiedad. Útil en insomnio por estrés, irritabilidad y síntomas somáticos de ansiedad (tensión, palpitaciones, colon irritable).",Acción antiinflamatoria tópica,Hidratación profunda,4,APROBADA,PTCA-F000101;PTCA-F000182;PTCA-F000071;PTCA-F000015,,,
PTCA-000002,Producto,Componente - Acción,Nivel 2,Producto-Componente-Acción,"En el producto FITO BIOTIN 900 MCG X 60 CAP, ¿cuáles de las siguientes acciones corresponden específicamente al componente Biotina (Vitamina B7)? Seleccione las dos opciones correctas.",como antioxidante liposoluble que protege membranas celulares y reduce daño oxidativo,Soporte estructural del cabello y uñas,Apoyo en estados carenciales,Apoyo en bienestar femenino (cólicos leves),2;3,APROBADA,PTCA-F000179;PTCA-F000004;PTCA-F000006;PTCA-F000067,,,
PTCP-000001,Producto,Categoría principal,Nivel 1,Producto-Categoría principal,¿A qué categoría principal pertenece el producto FITO TRATAMIENTO MAJENDY X 15 GR?,Digestivo / Microbiota,Osteomuscular / Magnesio,Respiratorio / Congestión y flema,Cabello,4,APROBADA,PTCP-F000020;PTCP-F000028;PTCP-F000043;PTCP-F000007,,,
PTCC-000001,Producto,Categoría principal y complementaria,Nivel 2,Producto-Categoría principal-Categoría complementaria,¿Cuáles de las siguientes categorías corresponden al producto FITO PROSTENFIT x 60 CAP? Seleccione las dos opciones correctas.,Cabello,Próstata,Uñas; Piel; Déficit nutricional,Cabello; Salud masculina; Disfunción sexual asociada a próstata,2;4,APROBADA,PTCC-F000001;PTCC-F000002,,,
PTG-DS-000001,Patología,Definición,Nivel 1,Patología-Definición,¿Cuál de las siguientes opciones describe correctamente la patología Artritis inflamatoria?,"Dilatación anormal de las venas del cordón espermático, generalmente en el lado izquierdo, que puede afectar la circulación testicular y, en algunos casos, la fertilidad, la producción de testosterona o generar molestias locales.",Alteración del metabolismo de la glucosa que ocasiona niveles elevados de azúcar en sangre o dificultad para mantenerlos dentro de rangos normales.,"Condición en la que existe inflamación dentro de una o varias articulaciones, causando dolor, rigidez y sensibilidad. Algunas formas pueden tener origen autoinmune y requieren seguimiento médico.","Alteraciones de la próstata que pueden afectar la micción, producir inflamación o molestias y, en algunos casos, asociarse con cambios en la función sexual.",3,APROBADA,PTG-F000016,,,
PTG-PC-000001,Patología,Condición - Producto + Coadyuvantes,Nivel 2,Patología-Condición-Producto-Coadyuvantes,"Para la patología Varicocele (Apoyo a la salud vascular y reproductiva masculina), si se presenta el perfil o condición Varicocele sin complicaciones asociadas, ¿cuál sería el paquete recomendado?",INOSITOL (Terceros) | BERBERINA (Terceros); CROMO (Terceros),FITO CASTAÑO DE INDIAS | FITO OMEGA 3,ARTRIFIT | Cloruro de Magnesio; CALGEL,FITO GLOBXAN | Ninguno,2,APROBADA,P008,,,
PTG-ST-000001,Patología,Síntomas,Nivel 1,Patología-Síntomas,¿Cuáles de las siguientes opciones corresponden a los síntomas o señales clave de la patología Endometriosis?,Disminución de la libido; dificultad para lograr la erección; dificultad para mantenerla; erecciones menos firmes; disminución del deseo sexual; fatiga.,Dolor lumbar; dolor que baja hacia glúteo o pierna; sensación de tirón; rigidez de espalda; dificultad para moverse; molestias después de permanecer mucho tiempo sentado o de pie.,Dolor menstrual intenso; dolor pélvico crónico; dolor durante las relaciones sexuales; sangrado menstrual abundante o prolongado; dolor al evacuar o al orinar durante la menstruación; infertilidad; fatiga.,Dificultad para conciliar el sueño; despertares frecuentes; despertar muy temprano; sensación de sueño poco reparador; cansancio al despertar; somnolencia diurna; irritabilidad; dificultad para concentrarse; disminución del rendimiento físico o mental; fatiga.,3,APROBADA,PTG-F000013,,,
PTG-PP-000002,Patología,Producto,Nivel 1,Patología-Producto,¿Cuál de los siguientes productos está recomendado para la patología Caída de cabello (Alopecia)?,FITO MELATONINA,FITO SHAMPOO FOLISAN X 400 ML,FITO GLOBXAN,CURCUMINA,2,APROBADA,P001,,,
PTG-PD-000004,Patología,Descripción-Producto,Nivel 2,Patología-Descripción-Producto,"¿Cuál de los siguientes productos está recomendado para una patología cuya descripción es la siguiente: Disminución de la energía, la fuerza, el deseo sexual o el rendimiento físico que puede estar relacionada con la edad, el estilo de vida, deficiencias nutricionales o alteraciones hormonales.?",Derivar al paquete específico de la patología correspondiente (P011 o P005),FITO VINAGRE ZUMO DE MANZANA PREMIUM x 250 ML,FITO L-ARGININA + ZINC + MAGNESIO,ESENCIA FLORAL PASIFLORA,3,APROBADA,P004,,,
PTCOM-000001,Producto,Complementarios,Nivel 1,Producto-Indicaciones-Combinaciones,El producto Zarzaparrilla usualmente se recomienda para Acné hormonal; Problemas cutáneos crónicos; Inflamación leve; Retención de líquidos leve; Artritis leve (apoyo). ¿Cuál de las siguientes opciones corresponde a la combinación estratégica recomendada?,Isowoan; Zinc; L-Arginina; Creatina; Proteína; Ashwagandha,Alcachofa (detox piel); Orégano (acné inflamatorio); Isowoan (mujer hormonal),Proteína; Creatina,Fibra; Biotics,2,APROBADA,COM-F000002,,,
PTRX-000001,Restricciones,Precaución / Contraindicación,Nivel 1,Producto-Precaución/Contraindicación,"Para el producto CLORURO DE MAGNESIO, ¿cuál de las siguientes corresponde a una precaución o contraindicación para su uso?",Insuficiencia renal moderada o severa; hipermagnesemia diagnosticada.,Uso de warfarina u otros anticoagulantes,Insuficiencia renal moderada o avanzada; hipermagnesemia,Persona sedentaria cuyo objetivo es únicamente osteoporosis sin pérdida de masa muscular identificada,1,APROBADA,RX-000043,,,
PTRX-000002,Restricciones,Precaución / Contraindicación,Nivel 1,Producto-Precaución/Contraindicación,"Para el producto FITO OMEGA 3, ¿cuál de las siguientes corresponde a una precaución o contraindicación para su uso?",Uso de anticoagulantes o antiagregantes; cirugía programada; obstrucción o cálculos biliares.,Embarazo; lactancia; gastritis o úlcera activa; niños pequeños,Alergia al pescado o mariscos,"Uso de anticoagulantes, antiagregantes plaquetarios o cirugía próxima",3,APROBADA,RX-000007,,,
PTRX-000003,Restricciones,Precaución / Contraindicación,Nivel 1,Producto-Precaución/Contraindicación,"Para el producto FITO CLORURO DE MAGNESIO, ¿cuál de las siguientes corresponde a una precaución o contraindicación para su uso?",Enfermedad renal avanzada,Embarazo; lactancia; antecedentes de herpes recurrente; hipotensión o tratamiento antihipertensivo; insuficiencia renal o hepática avanzada.,Uso concomitante de anticoagulantes o cirugía programada,Gastritis erosiva o úlcera péptica activa,1,APROBADA,RX-000021,,,
PTRM-000001,Restricciones,Producto / Contraindicación - Motivo,Nivel 1,Producto-Precaución/Contraindicación-Motivo,"FITO VITAMINA D3 puede generar contraindicaciones asociadas a Hipercalcemia, antecedentes de exceso de vitamina D o enfermedades que alteren metabolismo del calcio debido a que:",La suplementación con calcio debe individualizarse cuando existen alteraciones en eliminación renal o manejo del calcio.,La vitamina D aumenta la absorción de calcio y debe ajustarse cuando hay alteraciones del metabolismo mineral.,El resveratrol puede presentar efecto modulador sobre la agregación plaquetaria y requiere precaución en personas con riesgo de sangrado.,La vitamina E en dosis suplementarias puede aumentar el riesgo de sangrado en personas con medicamentos que afectan la coagulación.,2,APROBADA,X027,,,
PTRS-000003,Restricciones,Producto / Alternativas seguras,Nivel 1,Producto-Alternativas seguras,"Para el producto FITO MELATONINA, ¿cuál de las siguientes corresponde a una alternativa segura?",FITO ESENCIA FLORAL INSOMNIO; medidas de higiene del sueño; valoración médica cuando el insomnio sea persistente.,FITO VITAMINA D3; FITO CLORURO DE MAGNESIO (según objetivo),FITO RESVERATROL o antioxidantes alternativos según perfil,Recomendar valoración médica antes de aumentar el consumo de proteínas.,1,APROBADA,X017,,,
